York Consulting – Information to aid learner decisions – November 2010,,,,,,,
  ,,,,,,,
"Q1 Summary : From the list below, please you can indicate how useful you would find the following information when making a decision about",,,,,,,
which provider and/or which course/programme of study to undertake?,,,,,,,
Base: All respondents,,,,,,,
,SUMMARY,,,,,,
,Description of course/programme (e.g. what subject/topics will be covered),"Location of where the course/programme takes place (e.g. college campus, location of provider)",How to get to the location of the course/programme by car,How to get to the location of the course/programme by public transport,Availability and cost of parking at the provider,The length of the course/programme (e.g. the number of months and years it lasts),The number of weekly hours of teaching on the course/programme
Sig. Level: 95%,a,b,c,d,e,f,g
Sig. Level: 99%,A,B,C,D,E,F,G
Total,1052,1052,1052,1052,1052,1052,1052
,100%,100%,100%,100%,100%,100%,100%
Very useful (5.0),810,614,229,394,210,672,517
,77%,58%,22%,37%,20%,64%,49%
,BCDEFG,CDEG,,CE,,BCDEG,CDE
Somewhat useful (4.0),147,254,247,305,250,246,345
,14%,24%,23%,29%,24%,23%,33%
,,A,A,AbCEF,A,A,ABCEF
Useful (3.0),77,144,321,236,269,111,138
,7%,14%,31%,22%,26%,11%,13%
,,Af,ABDeFG,ABFG,ABFG,A,A
Not particularly useful (2.0),11,34,187,94,203,16,35
,1%,3%,18%,9%,19%,2%,3%
,,Af,ABDFG,ABFG,ABDFG,,AF
Not useful at all (1.0),1,2,59,17,95,2,10
,*%,*%,6%,2%,9%,*%,1%
,,,ABDFG,ABF,ABCDFG,,Abf
Don't know,6,4,9,6,25,5,7
,1%,*%,1%,1%,2%,*%,1%
,,,,,ABCDFG,,
Mean,4.68,4.38,3.38,3.92,3.27,4.5,4.27
,BCDEFG,CDEG,e,CE,,BCDEG,CDE
Std. dev.,0.7,0.9,1.2,1.1,1.2,0.8,0.9
"Columns Tested: A,B,C,D,E,F,G",,,,,,
08/11/11                                                                                                                               Page 1,,,,,,
York Consulting – Information to aid learner decisions – November 2010,,,,,,
 ,,,,,,
"Q1 Summary : From the list below, please you can indicate how useful you would find the following information when making a decision about",,,,,,
which provider and/or which course/programme of study to undertake?,,,,,,
Base: All respondents,,,,,,

,The balance of coursework and exams on the course/programme,The entry qualifications/requirements you would need to get on the course/programme,How much it would cost for you to do the course/programme,Whether there would be any financial support available to you to pay for the course/programme,Whether there would be any other costs of undertaking the course/programme (e.g. field or study trips),"A description of the facilities at the provider (e.g. IT, library, crèche/nursery, facilities for religious faiths)"
Sig. Level: 95%,a,b,c,d,e,f
Sig. Level: 99%,A,B,C,D,E,F
Total,1052,1052,1052,1052,1052,1052
,100%,100%,100%,100%,100%,100%
Very useful (5.0),548,805,720,630,491,351
,52%,77%,68%,60%,47%,33%
,eF,ACDEF,ADEF,AEF,F,
Somewhat useful (4.0),343,163,196,235,323,341
,33%,15%,19%,22%,31%,32%
,BCD,,,Bc,BCD,BCD
Useful (3.0),119,63,94,120,160,254
,11%,6%,9%,11%,15%,24%
,B,,b,B,ABCd,ABCDE
Not particularly useful (2.0),34,12,24,43,47,81
,3%,1%,2%,4%,4%,8%
,B,,b,Bc,BC,ABCDE
Not useful at all (1.0),3,4,10,16,20,17
,*%,*%,1%,2%,2%,2%
,,,,AB,AB,AB
Don't know,5,5,8,8,11,8
,*%,*%,1%,1%,1%,1%
Mean,4.34,4.67,4.52,4.36,4.17,3.89
,EF,ACDEF,ADEF,EF,F,
Std. dev.,0.8,0.7,0.8,0.9,1,1,,,,,,
"Columns Tested: A,B,C,D,E,F",,,,,,,,,,,,
08/11/11                                                                                                                               Page 2,,,,,,,,,,,,
York Consulting – Information to aid learner decisions – November 2010,,,,,,,,,,,,
 ,,,,,,,,,,,,
Q1a : Which did you find the most useful?,,,,,,,,,,,,
Base: All those who said that at least one of the items from the list was useful,,,,,,,,,,,,
,,Sample groups ,,,,,Gender ,,Age ,,,
,Total,Under 16s,Not white British,Those with a disability,Social grade C2DE,Baseline,Male,Female,Under 16,16 – 18,19 – 25,Over 25
Sig. Level: 95%,,a,b,c,d,e,f,g,h,i,j,k
Sig. Level: 99%,,A,B,C,D,E,F,G,H,I,J,K
Total,1047,243,252,218,365,295,291,756,243,502,99,203
,100%,100%,100%,100%,100%,100%,100%,100%,100%,100%,100%,100%
Description of course/programme (e.g. what subject/topics will be covered),706,162,161,145,224,214,185,521,162,338,62,144
,67%,67%,64%,67%,61%,73%,64%,69%,67%,67%,63%,71%
,,,,,,bD,,,,,,
The entry qualifications/requirements you would need to get on the course/programme,87,22,17,16,27,28,25,62,22,56,6,3
,8%,9%,7%,7%,7%,9%,9%,8%,9%,11%,6%,1%
,,,,,,,,,K,K,k,
"Location of where the course/programme takes place (e.g. college campus, location of provider)",56,10,14,13,25,14,18,38,10,27,5,14
,5%,4%,6%,6%,7%,5%,6%,5%,4%,5%,5%,7%
How much it would cost for you to do the course/programme,38,10,12,8,16,8,10,28,10,11,6,11
,4%,4%,5%,4%,4%,3%,3%,4%,4%,2%,6%,5%
,,,,,,,,,,,i,i
How to get to the location of the course/programme by public transport,33,11,14,9,19,3,16,17,11,14,3,5
,3%,5%,6%,4%,5%,1%,5%,2%,5%,3%,3%,2%
,,e,E,e,E,,G,,,,,
Whether there would be any financial support available to you to pay for the course/programme,33,3,7,11,19,5,8,25,3,17,4,9
,3%,1%,3%,5%,5%,2%,3%,3%,1%,3%,4%,4%
,,,,ae,ae,,,,,,,h
The balance of coursework and exams on the course/programme,24,7,8,2,10,6,3,21,7,14,1,2
,2%,3%,3%,1%,3%,2%,1%,3%,3%,3%,1%,1%
The length of the course/programme (e.g. the number of months and years it lasts),22,9,6,3,6,5,7,15,9,7,4,2
,2%,4%,2%,1%,2%,2%,2%,2%,4%,1%,4%,1%
,,,,,,,,,i,,,
The number of weekly hours of teaching on the course/programme,15,2,4,6,6,3,4,11,2,3,4,6
,1%,1%,2%,3%,2%,1%,1%,1%,1%,1%,4%,3%
,,,,,,,,,,,hI,i
"A description of the facilities at the provider (e.g. IT, library, crèche/nursery, facilities for religious faiths)",13,2,3,2,5,5,5,8,2,7,2,2
,1%,1%,1%,1%,1%,2%,2%,1%,1%,1%,2%,1%
"Columns Tested: A,B,C,D,E - F,G - H,I,J,K",,,,,,,,,,,,
08/11/11                                                                                                                               Page 3,,,,,,,,,,,,
York Consulting – Information to aid learner decisions – November 2010,,,,,,,,,,,,
 ,,,,,,,,,,,,
Q1a : Which did you find the most useful?,,,,,,,,,,,,
Base: All those who said that at least one of the items from the list was useful,,,,,,,,,,,,
,,Sample groups ,,,,,Gender ,,Age ,,,
,Total,Under 16s,Not white British,Those with a disability,Social grade C2DE,Baseline,Male,Female,Under 16,16 – 18,19 – 25,Over 25
Sig. Level: 95%,,a,b,c,d,e,f,g,h,i,j,k
Sig. Level: 99%,,A,B,C,D,E,F,G,H,I,J,K
Total,1047,243,252,218,365,295,291,756,243,502,99,203
,100%,100%,100%,100%,100%,100%,100%,100%,100%,100%,100%,100%
How to get to the location of the course/programme by car,7,2,1,1,3,3,4,3,2,3,1,1
,1%,1%,*%,*%,1%,1%,1%,*%,1%,1%,1%,*%
Whether there would be any other costs of undertaking the course/programme (e.g. field or study trips),7,3,2,1,2,0,3,4,3,2,0,2
,1%,1%,1%,*%,1%,0%,1%,1%,1%,*%,0%,1%
Availability and cost of parking at the provider,6,0,3,1,3,1,3,3,0,3,1,2
,1%,0%,1%,*%,1%,*%,1%,*%,0%,1%,1%,1%
"Columns Tested: A,B,C,D,E - F,G - H,I,J,K",,,,,,,,,,,,
08/11/11                                                                                                                               Page 4,,,,,,,,,,,,
York Consulting – Information to aid learner decisions – November 2010,,,,,,,,,,,,
 ,,,,,,,,,,,,
Q1a : Which did you find the most useful?,,,,,,,,,,,,
Base: All those who said that at least one of the items from the list was useful,,,,,,,,,,,,
,,Parental social grade ,,Ethnicity ,,,,,,Region ,,
,Total,ABC1,C2DE,Asian or Asian British,Black or Black British,Chinese,Mixed,White,Other,North,Midlands,South
Sig. Level: 95%,,a,b,c,d,*e,f,g,*h,i,j,k
Sig. Level: 99%,,A,B,C,D,*E,F,G,*H,I,J,K
Total,1047,611,365,84,50,10,35,832,21,303,298,446
,100%,100%,100%,100%,100%,100%,100%,100%,100%,100%,100%,100%
Description of course/programme (e.g. what subject/topics will be covered),706,433,224,52,32,8,22,571,14,197,207,302
,67%,71%,61%,62%,64%,80%,63%,69%,67%,65%,69%,68%
,,B,,,,,,,,,,
The entry qualifications/requirements you would need to get on the course/programme,87,58,27,5,4,0,2,73,2,30,24,33
,8%,9%,7%,6%,8%,0%,6%,9%,10%,10%,8%,7%
"Location of where the course/programme takes place (e.g. college campus, location of provider)",56,26,25,5,1,0,5,43,1,16,18,22
,5%,4%,7%,6%,2%,0%,14%,5%,5%,5%,6%,5%
,,,,,,,dg,,,,,
How much it would cost for you to do the course/programme,38,19,16,5,3,0,0,29,0,9,13,16
,4%,3%,4%,6%,6%,0%,0%,3%,0%,3%,4%,4%
How to get to the location of the course/programme by public transport,33,13,19,5,3,0,2,20,1,9,7,17
,3%,2%,5%,6%,6%,0%,6%,2%,5%,3%,2%,4%
,,,A,,,,,,,,,
Whether there would be any financial support available to you to pay for the course/programme,33,10,19,3,1,0,2,27,0,12,8,13
,3%,2%,5%,4%,2%,0%,6%,3%,0%,4%,3%,3%
,,,A,,,,,,,,,
The balance of coursework and exams on the course/programme,24,14,10,2,2,1,0,17,0,8,5,11
,2%,2%,3%,2%,4%,10%,0%,2%,0%,3%,2%,2%
The length of the course/programme (e.g. the number of months and years it lasts),22,14,6,3,1,1,0,16,1,7,4,11
,2%,2%,2%,4%,2%,10%,0%,2%,5%,2%,1%,2%
The number of weekly hours of teaching on the course/programme,15,8,6,1,1,0,0,12,1,4,5,6
,1%,1%,2%,1%,2%,0%,0%,1%,5%,1%,2%,1%
"A description of the facilities at the provider (e.g. IT, library, crèche/nursery, facilities for religious faiths)",13,7,5,1,1,0,1,10,0,4,4,5
,1%,1%,1%,1%,2%,0%,3%,1%,0%,1%,1%,1%
"Columns Tested: A,B - C,D,E,F,G,H - I,J,K",,,,,,,,,,,,
08/11/11                                                                                                                               Page 5,,,,,,,,,,,,
York Consulting – Information to aid learner decisions – November 2010,,,,,,,,,,,,
 ,,,,,,,,,,,,
Q1a : Which did you find the most useful?,,,,,,,,,,,,
Base: All those who said that at least one of the items from the list was useful,,,,,,,,,,,,
,,Parental social grade ,,Ethnicity ,,,,,,Region ,,
,Total,ABC1,C2DE,Asian or Asian British,Black or Black British,Chinese,Mixed,White,Other,North,Midlands,South
Sig. Level: 95%,,a,b,c,d,*e,f,g,*h,i,j,k
Sig. Level: 99%,,A,B,C,D,*E,F,G,*H,I,J,K
Total,1047,611,365,84,50,10,35,832,21,303,298,446
,100%,100%,100%,100%,100%,100%,100%,100%,100%,100%,100%,100%
How to get to the location of the course/programme by car,7,3,3,0,0,0,0,6,0,3,1,3
,1%,*%,1%,0%,0%,0%,0%,1%,0%,1%,*%,1%
Whether there would be any other costs of undertaking the course/programme (e.g. field or study trips),7,5,2,1,0,0,1,5,0,2,0,5
,1%,1%,1%,1%,0%,0%,3%,1%,0%,1%,0%,1%
Availability and cost of parking at the provider,6,1,3,1,1,0,0,3,1,2,2,2
,1%,*%,1%,1%,2%,0%,0%,*%,5%,1%,1%,*%
"Columns Tested: A,B - C,D,E,F,G,H - I,J,K",,,
08/11/11                                                                                                                               Page 6,,,
York Consulting – Information to aid learner decisions – November 2010,,,
 ,,,
Q1a : Which did you find the most useful?,,,
Base: All those who said that at least one of the items from the list was useful,,,
,,Disability ,
,Total,Yes,No
Sig. Level: 95%,,a,b
Sig. Level: 99%,,A,B
Total,1047,218,796
,100%,100%,100%
Description of course/programme (e.g. what subject/topics will be covered),706,145,542
,67%,67%,68%
The entry qualifications/requirements you would need to get on the course/programme,87,16,67
,8%,7%,8%
"Location of where the course/programme takes place (e.g. college campus, location of provider)",56,13,41
,5%,6%,5%
How much it would cost for you to do the course/programme,38,8,29
,4%,4%,4%
How to get to the location of the course/programme by public transport,33,9,24
,3%,4%,3%
Whether there would be any financial support available to you to pay for the course/programme,33,11,22
,3%,5%,3%
The balance of coursework and exams on the course/programme,24,2,19
,2%,1%,2%
The length of the course/programme (e.g. the number of months and years it lasts),22,3,19
,2%,1%,2%
The number of weekly hours of teaching on the course/programme,15,6,8
,1%,3%,1%
"A description of the facilities at the provider (e.g. IT, library, crèche/nursery, facilities for religious faiths)",13,2,11
,1%,1%,1%
How to get to the location of the course/programme by car,7,1,5
,1%,*%,1%
Whether there would be any other costs of undertaking the course/programme (e.g. field or study trips),7,1,5
,1%,*%,1%
"Columns Tested: A,B",,,
08/11/11                                                                                                                               Page 7,,,
York Consulting – Information to aid learner decisions – November 2010,,,
 ,,,
Q1a : Which did you find the most useful?,,,
Base: All those who said that at least one of the items from the list was useful,,,
,,Disability ,
,Total,Yes,No
Sig. Level: 95%,,a,b
Sig. Level: 99%,,A,B
Total,1047,218,796
,100%,100%,100%
Availability and cost of parking at the provider,6,1,4,,,,,,,,,,,
,1%,*%,1%,,,,,,,,,,,
"Columns Tested: A,B",,,,,,,,,,,,,,
08/11/11                                                                                                                               Page 8,,,,,,,,,,,,,,
York Consulting – Information to aid learner decisions – November 2010,,,,,,,,,,,,,,
 ,,,,,,,,,,,,,,
Q1a : Which did you find the most useful?,,,,,,,,,,,,,,
Base: All those who said that at least one of the items from the list was useful,,,,,,,,,,,,,,
,,Learning provider ,,,,,,,,,,,,
,Total,State 6th form,State school,Grammar,City academy,Private school,6th form college,FE college,HEI,Workplace,Training centre,Learndirect,Community centre,Other
Sig. Level: 95%,,a,b,c,*d,*e,f,g,*h,i,*j,*k,*l,*m
Sig. Level: 99%,,A,B,C,*D,*E,F,G,*H,I,*J,*K,*L,*M
Total,1047,149,283,68,18,2,157,196,10,95,26,6,8,26
,100%,100%,100%,100%,100%,100%,100%,100%,100%,100%,100%,100%,100%,100%
Description of course/programme (e.g. what subject/topics will be covered),706,102,204,35,10,2,100,135,8,64,18,5,5,17
,67%,68%,72%,51%,56%,100%,64%,69%,80%,67%,69%,83%,63%,65%
,,c,C,,,,,c,,c,,,,
The entry qualifications/requirements you would need to get on the course/programme,87,14,22,15,0,0,21,9,1,2,0,0,1,2
,8%,9%,8%,22%,0%,0%,13%,5%,10%,2%,0%,0%,13%,8%
,,i,,aBGI,,,GI,,,,,,,
"Location of where the course/programme takes place (e.g. college campus, location of provider)",56,6,13,6,1,0,6,15,0,6,1,0,2,0
,5%,4%,5%,9%,6%,0%,4%,8%,0%,6%,4%,0%,25%,0%
How much it would cost for you to do the course/programme,38,5,7,5,1,0,2,7,0,7,0,1,0,3
,4%,3%,2%,7%,6%,0%,1%,4%,0%,7%,0%,17%,0%,12%
,,,,bf,,,,,,bf,,,,
How to get to the location of the course/programme by public transport,33,4,11,1,1,0,7,5,0,2,0,0,0,2
,3%,3%,4%,1%,6%,0%,4%,3%,0%,2%,0%,0%,0%,8%
Whether there would be any financial support available to you to pay for the course/programme,33,8,2,2,1,0,6,10,0,3,1,0,0,0
,3%,5%,1%,3%,6%,0%,4%,5%,0%,3%,4%,0%,0%,0%
,,B,,,,,b,B,,,,,,
The balance of coursework and exams on the course/programme,24,4,10,0,2,0,4,2,1,1,0,0,0,0
,2%,3%,4%,0%,11%,0%,3%,1%,10%,1%,0%,0%,0%,0%
The length of the course/programme (e.g. the number of months and years it lasts),22,2,5,3,1,0,3,3,0,3,2,0,0,0
,2%,1%,2%,4%,6%,0%,2%,2%,0%,3%,8%,0%,0%,0%
The number of weekly hours of teaching on the course/programme,15,2,2,0,0,0,0,3,0,3,2,0,0,1
,1%,1%,1%,0%,0%,0%,0%,2%,0%,3%,8%,0%,0%,4%
,,,,,,,,,,f,,,,
"A description of the facilities at the provider (e.g. IT, library, crèche/nursery, facilities for religious faiths)",13,1,3,1,0,0,2,2,0,2,2,0,0,0
,1%,1%,1%,1%,0%,0%,1%,1%,0%,2%,8%,0%,0%,0%
"Columns Tested: A,B,C,D,E,F,G,H,I,J,K,L,M",,,,,,,,,,,,,,
08/11/11                                                                                                                               Page 9,,,,,,,,,,,,,,
York Consulting – Information to aid learner decisions – November 2010,,,,,,,,,,,,,,
 ,,,,,,,,,,,,,,
Q1a : Which did you find the most useful?,,,,,,,,,,,,,,
Base: All those who said that at least one of the items from the list was useful,,,,,,,,,,,,,,
,,Learning provider ,,,,,,,,,,,,
,Total,State 6th form,State school,Grammar,City academy,Private school,6th form college,FE college,HEI,Workplace,Training centre,Learndirect,Community centre,Other
Sig. Level: 95%,,a,b,c,*d,*e,f,g,*h,i,*j,*k,*l,*m
Sig. Level: 99%,,A,B,C,*D,*E,F,G,*H,I,*J,*K,*L,*M
Total,1047,149,283,68,18,2,157,196,10,95,26,6,8,26
,100%,100%,100%,100%,100%,100%,100%,100%,100%,100%,100%,100%,100%,100%
How to get to the location of the course/programme by car,7,0,1,0,1,0,2,2,0,1,0,0,0,0
,1%,0%,*%,0%,6%,0%,1%,1%,0%,1%,0%,0%,0%,0%
Whether there would be any other costs of undertaking the course/programme (e.g. field or study trips),7,1,2,0,0,0,3,0,0,1,0,0,0,0
,1%,1%,1%,0%,0%,0%,2%,0%,0%,1%,0%,0%,0%,0%
Availability and cost of parking at the provider,6,0,1,0,0,0,1,3,0,0,0,0,0,1
,1%,0%,*%,0%,0%,0%,1%,2%,0%,0%,0%,0%,0%,4%
"Columns Tested: A,B,C,D,E,F,G,H,I,J,K,L,M",,,,,,,,,,,,,,
08/11/11                                                                                                                              Page 10,,,,,,,,,,,,,,
York Consulting – Information to aid learner decisions – November 2010,,,,,,,,,,,,,,
 ,,,,,,,,,,,,,,
Q1.1 : How useful : Description of course/programme (e.g. what subject/topics will be covered),,,,,,,,,,,,,,
Base: All respondents,,,,,,,,,,,,,,
,,Sample groups ,,,,,Gender ,,Age ,,,,,
,Total,Under 16s,Not white British,Those with a disability,Social grade C2DE,Baseline,Male,Female,Under 16,16 – 18,19 – 25,Over 25
Sig. Level: 95%,,a,b,c,d,e,f,g,h,i,j,k
Sig. Level: 99%,,A,B,C,D,E,F,G,H,I,J,K
Total,1052,246,253,219,367,296,294,758,246,504,99,203
,100%,100%,100%,100%,100%,100%,100%,100%,100%,100%,100%,100%
Very useful (5.0),810,186,197,177,269,231,210,600,186,389,71,164
,77%,76%,78%,81%,73%,78%,71%,79%,76%,77%,72%,81%
,,,,d,,,,F,,,,
Somewhat useful (4.0),147,39,35,28,58,37,53,94,39,75,13,20
,14%,16%,14%,13%,16%,13%,18%,12%,16%,15%,13%,10%
,,,,,,,g,,,,,
Useful (3.0),77,13,16,8,34,24,24,53,13,33,14,17
,7%,5%,6%,4%,9%,8%,8%,7%,5%,7%,14%,8%
,,,,,c,c,,,,,Hi,
Not particularly useful (2.0),11,4,3,3,5,2,5,6,4,4,1,2
,1%,2%,1%,1%,1%,1%,2%,1%,2%,1%,1%,1%
Not useful at all (1.0),1,0,0,0,0,1,0,1,0,1,0,0
,*%,0%,0%,0%,0%,*%,0%,*%,0%,*%,0%,0%
Don't know,6,4,2,3,1,1,2,4,4,2,0,0
,1%,2%,1%,1%,*%,*%,1%,1%,2%,*%,0%,0%
Mean,4.68,4.68,4.7,4.75,4.61,4.68,4.6,4.71,4.68,4.69,4.56,4.7
,,,,d,,,,f,,,,
Std. dev.,0.7,0.7,0.6,0.6,0.7,0.7,0.7,0.6,0.7,0.6,0.8,0.7
"Columns Tested: A,B,C,D,E - F,G - H,I,J,K",,,,,,,,,,,,
08/11/11                                                                                                                              Page 11,,,,,,,,,,,,
York Consulting – Information to aid learner decisions – November 2010,,,,,,,,,,,,
 ,,,,,,,,,,,,
Q1.1 : How useful : Description of course/programme (e.g. what subject/topics will be covered),,,,,,,,,,,,
Base: All respondents,,,,,,,,,,,,
,,Parental social grade ,,Ethnicity ,,,,,,Region ,,
,Total,ABC1,C2DE,Asian or Asian British,Black or Black British,Chinese,Mixed,White,Other,North,Midlands,South
Sig. Level: 95%,,a,b,c,d,*e,f,g,*h,i,j,k
Sig. Level: 99%,,A,B,C,D,*E,F,G,*H,I,J,K
Total,1052,614,367,85,50,10,35,836,21,306,299,447
,100%,100%,100%,100%,100%,100%,100%,100%,100%,100%,100%,100%
Very useful (5.0),810,488,269,64,40,6,30,646,14,233,236,341
,77%,79%,73%,75%,80%,60%,86%,77%,67%,76%,79%,76%
,,b,,,,,,,,,,
Somewhat useful (4.0),147,78,58,11,6,3,3,116,6,41,39,67
,14%,13%,16%,13%,12%,30%,9%,14%,29%,13%,13%,15%
Useful (3.0),77,38,34,7,2,1,2,61,1,27,20,30
,7%,6%,9%,8%,4%,10%,6%,7%,5%,9%,7%,7%
Not particularly useful (2.0),11,5,5,2,1,0,0,8,0,4,3,4
,1%,1%,1%,2%,2%,0%,0%,1%,0%,1%,1%,1%
Not useful at all (1.0),1,1,0,0,0,0,0,1,0,0,0,1
,*%,*%,0%,0%,0%,0%,0%,*%,0%,0%,0%,*%
Don't know,6,4,1,1,1,0,0,4,0,1,1,4
,1%,1%,*%,1%,2%,0%,0%,*%,0%,*%,*%,1%
Mean,4.68,4.72,4.61,4.63,4.73,4.5,4.8,4.68,4.62,4.65,4.7,4.68
,,b,,,,,,,,,,
Std. dev.,0.7,0.6,0.7,0.7,0.6,0.7,0.5,0.7,0.6,0.7,0.6,0.7
"Columns Tested: A,B - C,D,E,F,G,H - I,J,K",,,,,,,,,,,,
08/11/11                                                                                                                              Page 12,,,,,,,,,,,,
York Consulting – Information to aid learner decisions – November 2010,,,,,,,,,,,,
 ,,,,,,,,,,,,
Q1.1 : How useful : Description of course/programme (e.g. what subject/topics will be covered),,,,,,,,,,,,
Base: All respondents,,,,,,,,,,,,
,,Disability ,,,,,,,,,,
,Total,Yes,No,,,,,,,,,
Sig. Level: 95%,,a,b,,,,,,,,,
Sig. Level: 99%,,A,B,,,,,,,,,
Total,1052,219,800,,,,,,,,,
,100%,100%,100%,,,,,,,,,
Very useful (5.0),810,177,613,,,,,,,,,
,77%,81%,77%
Somewhat useful (4.0),147,28,111
,14%,13%,14%
Useful (3.0),77,8,64
,7%,4%,8%
,,,a
Not particularly useful (2.0),11,3,8
,1%,1%,1%
Not useful at all (1.0),1,0,1
,*%,0%,*%
Don't know,6,3,3
,1%,1%,*%
Mean,4.68,4.75,4.66
Std. dev.,0.7,0.6,0.7
"Columns Tested: A,B",,,
08/11/11                                                                                                                              Page 13,,,
York Consulting – Information to aid learner decisions – November 2010,,,,,,,,,,,,,,
 ,,,,,,,,,,,,,,
Q1.1 : How useful : Description of course/programme (e.g. what subject/topics will be covered),,,,,,,,,,,,,,
Base: All respondents,,,,,,,,,,,,,,
,,Learning provider ,,,,,,,,,,,,
,Total,State 6th form,State school,Grammar,City academy,Private school,6th form college,FE college,HEI,Workplace,Training centre,Learndirect,Community centre,Other
Sig. Level: 95%,,a,b,c,*d,*e,f,g,*h,i,*j,*k,*l,*m
Sig. Level: 99%,,A,B,C,*D,*E,F,G,*H,I,*J,*K,*L,*M
Total,1052,150,285,68,19,2,157,197,10,95,26,6,8,26
,100%,100%,100%,100%,100%,100%,100%,100%,100%,100%,100%,100%,100%,100%
Very useful (5.0),810,120,223,50,12,2,120,157,8,64,18,5,6,23
,77%,80%,78%,74%,63%,100%,76%,80%,80%,67%,69%,83%,75%,88%
,,i,i,,,,,i,,,,,,
Somewhat useful (4.0),147,18,44,11,2,0,27,21,1,14,4,1,2,1
,14%,12%,15%,16%,11%,0%,17%,11%,10%,15%,15%,17%,25%,4%
Useful (3.0),77,8,14,5,2,0,10,16,1,16,3,0,0,2
,7%,5%,5%,7%,11%,0%,6%,8%,10%,17%,12%,0%,0%,8%
,,,,,,,,,,ABFg,,,,
Not particularly useful (2.0),11,4,1,1,2,0,0,1,0,1,1,0,0,0
,1%,3%,*%,1%,11%,0%,0%,1%,0%,1%,4%,0%,0%,0%
,,bf,,,,,,,,,,,,
Not useful at all (1.0),1,0,1,0,0,0,0,0,0,0,0,0,0,0
,*%,0%,*%,0%,0%,0%,0%,0%,0%,0%,0%,0%,0%,0%
Don't know,6,0,2,1,1,0,0,2,0,0,0,0,0,0
,1%,0%,1%,1%,5%,0%,0%,1%,0%,0%,0%,0%,0%,0%
Mean,4.68,4.69,4.72,4.64,4.33,5,4.7,4.71,4.7,4.48,4.5,4.83,4.75,4.81
,,i,I,,,,i,I,,,,,,
Std. dev.,0.7,0.7,0.6,0.7,1.1,0,0.6,0.6,0.7,0.8,0.9,0.4,0.5,0.6
"Columns Tested: A,B,C,D,E,F,G,H,I,J,K,L,M",,,,,,,,,,,,,,
08/11/11                                                                                                                              Page 14,,,,,,,,,,,,,,
York Consulting – Information to aid learner decisions – November 2010,,,,,,,,,,,,,,
 ,,,,,,,,,,,,,,
"Q1.2 : How useful : Location of where the course/programme takes place (e.g. college campus, location of provider)",,,,,,,,,,,,
Base: All respondents,,,,,,,,,,,,
,,Sample groups ,,,,,Gender ,,Age ,,,
,Total,Under 16s,Not white British,Those with a disability,Social grade C2DE,Baseline,Male,Female,Under 16,16 – 18,19 – 25,Over 25
Sig. Level: 95%,,a,b,c,d,e,f,g,h,i,j,k
Sig. Level: 99%,,A,B,C,D,E,F,G,H,I,J,K
Total,1052,246,253,219,367,296,294,758,246,504,99,203
,100%,100%,100%,100%,100%,100%,100%,100%,100%,100%,100%,100%
Very useful (5.0),614,119,149,137,228,172,149,465,119,279,56,160
,58%,48%,59%,63%,62%,58%,51%,61%,48%,55%,57%,79%
,,,a,A,A,a,,F,,,,HIJ
Somewhat useful (4.0),254,76,57,50,75,76,89,165,76,132,24,22
,24%,31%,23%,23%,20%,26%,30%,22%,31%,26%,24%,11%
,,bD,,,,,G,,K,K,K,
Useful (3.0),144,36,35,24,47,39,43,101,36,75,14,19
,14%,15%,14%,11%,13%,13%,15%,13%,15%,15%,14%,9%
Not particularly useful (2.0),34,12,10,7,16,8,10,24,12,15,5,2
,3%,5%,4%,3%,4%,3%,3%,3%,5%,3%,5%,1%
,,,,,,,,,k,,k,
Not useful at all (1.0),2,0,1,0,1,0,1,1,0,2,0,0
,*%,0%,*%,0%,*%,0%,*%,*%,0%,*%,0%,0%
Don't know,4,3,1,1,0,1,2,2,3,1,0,0
,*%,1%,*%,*%,0%,*%,1%,*%,1%,*%,0%,0%
,,d,,,,,,,,,,
Mean,4.38,4.24,4.36,4.45,4.4,4.4,4.28,4.41,4.24,4.33,4.32,4.67
,,,,A,a,a,,f,,,,HIJ
Std. dev.,0.9,0.9,0.9,0.8,0.9,0.8,0.9,0.8,0.9,0.9,0.9,0.7
"Columns Tested: A,B,C,D,E - F,G - H,I,J,K",,,,,,,,,,,,
08/11/11                                                                                                                              Page 15,,,,,,,,,,,,
York Consulting – Information to aid learner decisions – November 2010,,,,,,,,,,,,
 ,,,,,,,,,,,,
"Q1.2 : How useful : Location of where the course/programme takes place (e.g. college campus, location of provider)",,,,,,,,,,,,
Base: All respondents,,,,,,,,,,,,
,,Parental social grade ,,Ethnicity ,,,,,,Region ,,
,Total,ABC1,C2DE,Asian or Asian British,Black or Black British,Chinese,Mixed,White,Other,North,Midlands,South
Sig. Level: 95%,,a,b,c,d,*e,f,g,*h,i,j,k
Sig. Level: 99%,,A,B,C,D,*E,F,G,*H,I,J,K
Total,1052,614,367,85,50,10,35,836,21,306,299,447
,100%,100%,100%,100%,100%,100%,100%,100%,100%,100%,100%,100%
Very useful (5.0),614,344,228,53,33,6,21,484,10,174,180,260
,58%,56%,62%,62%,66%,60%,60%,58%,48%,57%,60%,58%
Somewhat useful (4.0),254,160,75,16,10,3,7,210,6,73,72,109
,24%,26%,20%,19%,20%,30%,20%,25%,29%,24%,24%,24%
,,b,,,,,,,,,,
Useful (3.0),144,89,47,11,4,1,6,114,4,48,40,56
,14%,14%,13%,13%,8%,10%,17%,14%,19%,16%,13%,13%
Not particularly useful (2.0),34,16,16,5,2,0,1,24,1,9,6,19
,3%,3%,4%,6%,4%,0%,3%,3%,5%,3%,2%,4%
Not useful at all (1.0),2,1,1,0,0,0,0,1,0,1,0,1
,*%,*%,*%,0%,0%,0%,0%,*%,0%,*%,0%,*%
Don't know,4,4,0,0,1,0,0,3,0,1,1,2
,*%,1%,0%,0%,2%,0%,0%,*%,0%,*%,*%,*%
Mean,4.38,4.36,4.4,4.38,4.51,4.5,4.37,4.38,4.19,4.34,4.43,4.37
Std. dev.,0.9,0.8,0.9,0.9,0.8,0.7,0.9,0.8,0.9,0.9,0.8,0.9
"Columns Tested: A,B - C,D,E,F,G,H - I,J,K",,,,,,,,,,,,
08/11/11                                                                                                                              Page 16,,,,,,,,,,,,
York Consulting – Information to aid learner decisions – November 2010,,,,,,,,,,,,
 ,,,,,,,,,,,,
"Q1.2 : How useful : Location of where the course/programme takes place (e.g. college campus, location of provider)",,,,,,,,,,,,
Base: All respondents,,,,,,,,,,,,
,,Disability ,,,,,,,,,,
,Total,Yes,No,,,,,,,,,
Sig. Level: 95%,,a,b,,,,,,,,,
Sig. Level: 99%,,A,B,,,,,,,,,
Total,1052,219,800
,100%,100%,100%
Very useful (5.0),614,137,459
,58%,63%,57%
Somewhat useful (4.0),254,50,198
,24%,23%,25%
Useful (3.0),144,24,112
,14%,11%,14%
Not particularly useful (2.0),34,7,27
,3%,3%,3%
Not useful at all (1.0),2,0,1
,*%,0%,*%
Don't know,4,1,3
,*%,*%,*%
Mean,4.38,4.45,4.36
Std. dev.,0.9,0.8,0.9
"Columns Tested: A,B",,,,,,,,,,,,,,
08/11/11                                                                                                                              Page 17,,,,,,,,,,,,,,
York Consulting – Information to aid learner decisions – November 2010,,,,,,,,,,,,,,
 ,,,,,,,,,,,,,,
"Q1.2 : How useful : Location of where the course/programme takes place (e.g. college campus, location of provider)",,,,,,,,,,,,,,
Base: All respondents,,,,,,,,,,,,,,
,,Learning provider ,,,,,,,,,,,,
,Total,State 6th form,State school,Grammar,City academy,Private school,6th form college,FE college,HEI,Workplace,Training centre,Learndirect,Community centre,Other
Sig. Level: 95%,,a,b,c,*d,*e,f,g,*h,i,*j,*k,*l,*m
Sig. Level: 99%,,A,B,C,*D,*E,F,G,*H,I,*J,*K,*L,*M
Total,1052,150,285,68,19,2,157,197,10,95,26,6,8,26
,100%,100%,100%,100%,100%,100%,100%,100%,100%,100%,100%,100%,100%,100%
Very useful (5.0),614,74,155,30,8,2,86,136,7,66,16,5,8,21
,58%,49%,54%,44%,42%,100%,55%,69%,70%,69%,62%,83%,100%,81%
,,,,,,,,ABCF,,AbCf,,,,
Somewhat useful (4.0),254,45,75,20,6,0,43,36,3,14,7,1,0,2
,24%,30%,26%,29%,32%,0%,27%,18%,30%,15%,27%,17%,0%,8%
,,gI,gi,i,,,gi,,,,,,,
Useful (3.0),144,26,42,13,3,0,22,20,0,14,2,0,0,2
,14%,17%,15%,19%,16%,0%,14%,10%,0%,15%,8%,0%,0%,8%
Not particularly useful (2.0),34,4,9,5,2,0,6,4,0,1,1,0,0,1
,3%,3%,3%,7%,11%,0%,4%,2%,0%,1%,4%,0%,0%,4%
,,,,gi,,,,,,,,,,
Not useful at all (1.0),2,1,1,0,0,0,0,0,0,0,0,0,0,0
,*%,1%,*%,0%,0%,0%,0%,0%,0%,0%,0%,0%,0%,0%
Don't know,4,0,3,0,0,0,0,1,0,0,0,0,0,0
,*%,0%,1%,0%,0%,0%,0%,1%,0%,0%,0%,0%,0%,0%
Mean,4.38,4.25,4.33,4.1,4.05,5,4.33,4.55,4.7,4.53,4.46,4.83,5,4.65
,,,,,,,,ABCf,,abC,,,,
Std. dev.,0.9,0.9,0.9,1,1,0,0.9,0.8,0.5,0.8,0.8,0.4,0,0.8
"Columns Tested: A,B,C,D,E,F,G,H,I,J,K,L,M",,,,,,,,,,,,,,
08/11/11                                                                                                                              Page 18,,,,,,,,,,,,,,
York Consulting – Information to aid learner decisions – November 2010,,,,,,,,,,,,
 ,,,,,,,,,,,,
Q1.3 : How useful : How to get to the location of the course/programme by car,,,,,,,,,,,,
Base: All respondents,,,,,,,,,,,,
,,Sample groups ,,,,,Gender ,,Age ,,,
,Total,Under 16s,Not white British,Those with a disability,Social grade C2DE,Baseline,Male,Female,Under 16,16 – 18,19 – 25,Over 25
Sig. Level: 95%,,a,b,c,d,e,f,g,h,i,j,k
Sig. Level: 99%,,A,B,C,D,E,F,G,H,I,J,K
Total,1052,246,253,219,367,296,294,758,246,504,99,203
,100%,100%,100%,100%,100%,100%,100%,100%,100%,100%,100%,100%
Very useful (5.0),229,33,59,53,89,66,62,167,33,96,30,70
,22%,13%,23%,24%,24%,22%,21%,22%,13%,19%,30%,34%
,,,A,A,A,A,,,,,Hi,HI
Somewhat useful (4.0),247,56,55,51,84,74,75,172,56,117,29,45
,23%,23%,22%,23%,23%,25%,26%,23%,23%,23%,29%,22%
Useful (3.0),321,89,68,58,107,89,84,237,89,147,25,60
,31%,36%,27%,26%,29%,30%,29%,31%,36%,29%,25%,30%
,,bc,,,,,,,,,,
Not particularly useful (2.0),187,43,52,39,66,53,55,132,43,113,10,21
,18%,17%,21%,18%,18%,18%,19%,17%,17%,22%,10%,10%
,,,,,,,,,k,JK,,
Not useful at all (1.0),59,21,18,15,20,13,15,44,21,26,5,7
,6%,9%,7%,7%,5%,4%,5%,6%,9%,5%,5%,3%
,,e,,,,,,,k,,,
Don't know,9,4,1,3,1,1,3,6,4,5,0,0
,1%,2%,*%,1%,*%,*%,1%,1%,2%,1%,0%,0%
Mean,3.38,3.15,3.34,3.41,3.43,3.43,3.39,3.38,3.15,3.29,3.7,3.74
,,,,a,A,A,,,,,HI,HI
Std. dev.,1.2,1.1,1.2,1.2,1.2,1.1,1.2,1.2,1.1,1.2,1.2,1.1
"Columns Tested: A,B,C,D,E - F,G - H,I,J,K",,,,,,,,,,,,
08/11/11                                                                                                                              Page 19,,,,,,,,,,,,
York Consulting – Information to aid learner decisions – November 2010,,,,,,,,,,,,
 ,,,,,,,,,,,,
Q1.3 : How useful : How to get to the location of the course/programme by car,,,,,,,,,,,,
Base: All respondents,,,,,,,,,,,,
,,Parental social grade ,,Ethnicity ,,,,,,Region ,,
,Total,ABC1,C2DE,Asian or Asian British,Black or Black British,Chinese,Mixed,White,Other,North,Midlands,South
Sig. Level: 95%,,a,b,c,d,*e,f,g,*h,i,j,k
Sig. Level: 99%,,A,B,C,D,*E,F,G,*H,I,J,K
Total,1052,614,367,85,50,10,35,836,21,306,299,447
,100%,100%,100%,100%,100%,100%,100%,100%,100%,100%,100%,100%
Very useful (5.0),229,128,89,26,13,2,5,175,6,77,74,78
,22%,21%,24%,31%,26%,20%,14%,21%,29%,25%,25%,17%
,,,,g,,,,,,k,k,
Somewhat useful (4.0),247,139,84,19,10,3,7,199,6,73,66,108
,23%,23%,23%,22%,20%,30%,20%,24%,29%,24%,22%,24%
Useful (3.0),321,195,107,23,14,2,11,261,4,84,94,143
,31%,32%,29%,27%,28%,20%,31%,31%,19%,27%,31%,32%
Not particularly useful (2.0),187,109,66,11,8,3,9,148,5,53,45,89
,18%,18%,18%,13%,16%,30%,26%,18%,24%,17%,15%,20%
Not useful at all (1.0),59,36,20,6,4,0,3,45,0,17,17,25
,6%,6%,5%,7%,8%,0%,9%,5%,0%,6%,6%,6%
Don't know,9,7,1,0,1,0,0,8,0,2,3,4
,1%,1%,*%,0%,2%,0%,0%,1%,0%,1%,1%,1%
Mean,3.38,3.35,3.43,3.56,3.41,3.4,3.06,3.38,3.62,3.46,3.46,3.28
,,,,f,,,,,,k,k,
Std. dev.,1.2,1.2,1.2,1.2,1.3,1.2,1.2,1.2,1.2,1.2,1.2,1.1
"Columns Tested: A,B - C,D,E,F,G,H - I,J,K",,,,,,,,,,,,
08/11/11                                                                                                                              Page 20,,,,,,,,,,,,
York Consulting – Information to aid learner decisions – November 2010,,,,,,,,,,,,
 ,,,,,,,,,,,,
Q1.3 : How useful : How to get to the location of the course/programme by car,,,,,,,,,,,,
Base: All respondents,,,,,,,,,,,,
,,Disability ,,,,,,,,,,
,Total,Yes,No
Sig. Level: 95%,,a,b
Sig. Level: 99%,,A,B
Total,1052,219,800
,100%,100%,100%
Very useful (5.0),229,53,169
,22%,24%,21%
Somewhat useful (4.0),247,51,186
,23%,23%,23%
Useful (3.0),321,58,252
,31%,26%,32%
Not particularly useful (2.0),187,39,146
,18%,18%,18%
Not useful at all (1.0),59,15,41
,6%,7%,5%
Don't know,9,3,6
,1%,1%,1%,,,,,,,,,,,
Mean,3.38,3.41,3.37,,,,,,,,,,,
Std. dev.,1.2,1.2,1.2,,,,,,,,,,,
"Columns Tested: A,B",,,,,,,,,,,,,,
08/11/11                                                                                                                              Page 21,,,,,,,,,,,,,,
York Consulting – Information to aid learner decisions – November 2010,,,,,,,,,,,,,,
 ,,,,,,,,,,,,,,
Q1.3 : How useful : How to get to the location of the course/programme by car,,,,,,,,,,,,,,
Base: All respondents,,,,,,,,,,,,,,
,,Learning provider ,,,,,,,,,,,,
,Total,State 6th form,State school,Grammar,City academy,Private school,6th form college,FE college,HEI,Workplace,Training centre,Learndirect,Community centre,Other
Sig. Level: 95%,,a,b,c,*d,*e,f,g,*h,i,*j,*k,*l,*m
Sig. Level: 99%,,A,B,C,*D,*E,F,G,*H,I,*J,*K,*L,*M
Total,1052,150,285,68,19,2,157,197,10,95,26,6,8,26
,100%,100%,100%,100%,100%,100%,100%,100%,100%,100%,100%,100%,100%,100%
Very useful (5.0),229,32,45,6,5,0,34,55,4,30,9,2,2,5
,22%,21%,16%,9%,26%,0%,22%,28%,40%,32%,35%,33%,25%,19%
,,c,,,,,c,BC,,BC,,,,
Somewhat useful (4.0),247,25,74,14,2,2,36,53,4,19,6,2,3,5
,23%,17%,26%,21%,11%,100%,23%,27%,40%,20%,23%,33%,38%,19%
,,,a,,,,,a,,,,,,
Useful (3.0),321,46,92,24,8,0,47,51,0,32,6,2,2,11
,31%,31%,32%,35%,42%,0%,30%,26%,0%,34%,23%,33%,25%,42%
Not particularly useful (2.0),187,38,51,16,3,0,32,26,1,12,3,0,0,4
,18%,25%,18%,24%,16%,0%,20%,13%,10%,13%,12%,0%,0%,15%
,,Gi,,g,,,,,,,,,,
Not useful at all (1.0),59,9,18,8,1,0,7,9,1,2,2,0,1,1
,6%,6%,6%,12%,5%,0%,4%,5%,10%,2%,8%,0%,13%,4%
,,,,fgi,,,,,,,,,,
Don't know,9,0,5,0,0,0,1,3,0,0,0,0,0,0
,1%,0%,2%,0%,0%,0%,1%,2%,0%,0%,0%,0%,0%,0%
Mean,3.38,3.22,3.28,2.91,3.37,4,3.37,3.61,3.9,3.66,3.65,4,3.63,3.35
,,,c,,,,C,ABC,,ABC,,,,
Std. dev.,1.2,1.2,1.1,1.1,1.2,0,1.2,1.2,1.4,1.1,1.3,0.9,1.3,1.1
"Columns Tested: A,B,C,D,E,F,G,H,I,J,K,L,M",,,,,,,,,,,,,,
08/11/11                                                                                                                              Page 22,,,,,,,,,,,,,,
York Consulting – Information to aid learner decisions – November 2010,,,,,,,,,,,,,,
 ,,,,,,,,,,,,,,
Q1.4 : How useful : How to get to the location of the course/programme by public transport,,,,,,,,,,,,,,
Base: All respondents,,,,,,,,,,,,,,
,,Sample groups ,,,,,Gender ,,Age ,,,,,
,Total,Under 16s,Not white British,Those with a disability,Social grade C2DE,Baseline,Male,Female,Under 16,16 – 18,19 – 25,Over 25,,
Sig. Level: 95%,,a,b,c,d,e,f,g,h,i,j,k,,
Sig. Level: 99%,,A,B,C,D,E,F,G,H,I,J,K,,
Total,1052,246,253,219,367,296,294,758,246,504,99,203,,
,100%,100%,100%,100%,100%,100%,100%,100%,100%,100%,100%,100%,,
Very useful (5.0),394,75,124,87,139,102,87,307,75,200,40,79,,
,37%,30%,49%,40%,38%,34%,30%,41%,30%,40%,40%,39%,,
,,,AcDE,a,,,,F,,h,,
Somewhat useful (4.0),305,84,69,60,100,89,93,212,84,153,25,43
,29%,34%,27%,27%,27%,30%,32%,28%,34%,30%,25%,21%
,,,,,,,,,K,k,,
Useful (3.0),236,58,42,36,79,82,82,154,58,101,29,48
,22%,24%,17%,16%,22%,28%,28%,20%,24%,20%,29%,24%
,,,,,,BC,G,,,,i,
Not particularly useful (2.0),94,23,16,27,42,18,26,68,23,43,4,24
,9%,9%,6%,12%,11%,6%,9%,9%,9%,9%,4%,12%
,,,,be,be,,,,,,,j
Not useful at all (1.0),17,3,2,7,6,4,5,12,3,5,1,8
,2%,1%,1%,3%,2%,1%,2%,2%,1%,1%,1%,4%
,,,,,,,,,,,,I
Don't know,6,3,0,2,1,1,1,5,3,2,0,1
,1%,1%,0%,1%,*%,*%,*%,1%,1%,*%,0%,*%
Mean,3.92,3.84,4.17,3.89,3.89,3.91,3.79,3.97,3.84,4,4,3.8
,,,ACDE,,,,,F,,k,,
Std. dev.,1.1,1,1,1.2,1.1,1,1,1.1,1,1,1,1.2
"Columns Tested: A,B,C,D,E - F,G - H,I,J,K",,,,,,,,,,,,
08/11/11                                                                                                                              Page 23,,,,,,,,,,,,
York Consulting – Information to aid learner decisions – November 2010,,,,,,,,,,,,
 ,,,,,,,,,,,,
Q1.4 : How useful : How to get to the location of the course/programme by public transport,,,,,,,,,,,,
Base: All respondents,,,,,,,,,,,,
,,Parental social grade ,,Ethnicity ,,,,,,Region ,,
,Total,ABC1,C2DE,Asian or Asian British,Black or Black British,Chinese,Mixed,White,Other,North,Midlands,South
Sig. Level: 95%,,a,b,c,d,*e,f,g,*h,i,j,k
Sig. Level: 99%,,A,B,C,D,*E,F,G,*H,I,J,K
Total,1052,614,367,85,50,10,35,836,21,306,299,447
,100%,100%,100%,100%,100%,100%,100%,100%,100%,100%,100%,100%
Very useful (5.0),394,226,139,41,34,4,18,284,10,120,119,155
,37%,37%,38%,48%,68%,40%,51%,34%,48%,39%,40%,35%
,,,,G,cG,,g,,,,,
Somewhat useful (4.0),305,183,100,25,10,3,5,248,7,89,76,140
,29%,30%,27%,29%,20%,30%,14%,30%,33%,29%,25%,31%
,,,,,,,,f,,,,
Useful (3.0),236,143,79,11,3,2,9,203,4,67,64,105
,22%,23%,22%,13%,6%,20%,26%,24%,19%,22%,21%,23%
,,,,,,,d,cD,,,,
Not particularly useful (2.0),94,47,42,8,1,1,3,80,0,26,31,37
,9%,8%,11%,9%,2%,10%,9%,10%,0%,8%,10%,8%
,,,a,,,,,,,,,
Not useful at all (1.0),17,10,6,0,2,0,0,15,0,3,7,7
,2%,2%,2%,0%,4%,0%,0%,2%,0%,1%,2%,2%
Don't know,6,5,1,0,0,0,0,6,0,1,2,3
,1%,1%,*%,0%,0%,0%,0%,1%,0%,*%,1%,1%
Mean,3.92,3.93,3.89,4.16,4.46,4,4.09,3.85,4.29,3.97,3.91,3.9
,,,,G,G,,,,,,,
Std. dev.,1.1,1,1.1,1,1,1.1,1.1,1.1,0.8,1,1.1,1
"Columns Tested: A,B - C,D,E,F,G,H - I,J,K",,,,,,,,,,,,
08/11/11                                                                                                                              Page 24,,,,,,,,,,,,
York Consulting – Information to aid learner decisions – November 2010,,,,,,,,,,,,
 ,,,,,,,,,,,,
Q1.4 : How useful : How to get to the location of the course/programme by public transport,,,,,,,,,,,,
Base: All respondents,,,,,,,,,,,,
,,Disability ,,,,,,,,,,
,Total,Yes,No,,,,,,,,,
Sig. Level: 95%,,a,b,,,,,,,,,
Sig. Level: 99%,,A,B,,,,,,,,,
Total,1052,219,800,,,,,,,,,
,100%,100%,100%,,,,,,,,,
Very useful (5.0),394,87,292,,,,,,,,,
,37%,40%,37%,,,,,,,,,
Somewhat useful (4.0),305,60,231,,,,,,,,,
,29%,27%,29%
Useful (3.0),236,36,196
,22%,16%,25%
,,,a
Not particularly useful (2.0),94,27,67
,9%,12%,8%
Not useful at all (1.0),17,7,10
,2%,3%,1%
,,b,
Don't know,6,2,4
,1%,1%,1%
Mean,3.92,3.89,3.91
Std. dev.,1.1,1.2,1
"Columns Tested: A,B",,,
08/11/11                                                                                                                              Page 25,,,
York Consulting – Information to aid learner decisions – November 2010,,,
 ,,,,,,,,,,,,,,
Q1.4 : How useful : How to get to the location of the course/programme by public transport,,,,,,,,,,,,,,
Base: All respondents,,,,,,,,,,,,,,
,,Learning provider ,,,,,,,,,,,,
,Total,State 6th form,State school,Grammar,City academy,Private school,6th form college,FE college,HEI,Workplace,Training centre,Learndirect,Community centre,Other
Sig. Level: 95%,,a,b,c,*d,*e,f,g,*h,i,*j,*k,*l,*m
Sig. Level: 99%,,A,B,C,*D,*E,F,G,*H,I,*J,*K,*L,*M
Total,1052,150,285,68,19,2,157,197,10,95,26,6,8,26
,100%,100%,100%,100%,100%,100%,100%,100%,100%,100%,100%,100%,100%,100%
Very useful (5.0),394,52,101,19,8,0,70,80,4,31,14,2,4,8
,37%,35%,35%,28%,42%,0%,45%,41%,40%,33%,54%,33%,50%,31%
,,,,,,,c,,,,,,,
Somewhat useful (4.0),305,47,90,25,5,2,43,53,2,25,2,3,2,6
,29%,31%,32%,37%,26%,100%,27%,27%,20%,26%,8%,50%,25%,23%
Useful (3.0),236,31,64,19,3,0,32,38,3,27,7,1,1,9
,22%,21%,22%,28%,16%,0%,20%,19%,30%,28%,27%,17%,13%,35%
Not particularly useful (2.0),94,20,23,3,3,0,9,20,1,9,3,0,0,2
,9%,13%,8%,4%,16%,0%,6%,10%,10%,9%,12%,0%,0%,8%
,,cf,,,,,,,,,,,,
Not useful at all (1.0),17,0,4,2,0,0,3,4,0,2,0,0,1,1
,2%,0%,1%,3%,0%,0%,2%,2%,0%,2%,0%,0%,13%,4%
,,,,a,,,,,,,,,,
Don't know,6,0,3,0,0,0,0,2,0,1,0,0,0,0
,1%,0%,1%,0%,0%,0%,0%,1%,0%,1%,0%,0%,0%,0%
Mean,3.92,3.87,3.93,3.82,3.95,4,4.07,3.95,3.9,3.79,4.04,4.17,4,3.69
,,,,,,,i,,,,,,,
Std. dev.,1.1,1,1,1,1.1,0,1,1.1,1.1,1.1,1.1,0.8,1.4,1.1
"Columns Tested: A,B,C,D,E,F,G,H,I,J,K,L,M",,,,,,,,,,,,,,
08/11/11                                                                                                                              Page 26,,,,,,,,,,,,,,
York Consulting – Information to aid learner decisions – November 2010,,,,,,,,,,,,,,
 ,,,,,,,,,,,,,,
Q1.5 : How useful : Availability and cost of parking at the provider,,,,,,,,,,,,,,
Base: All respondents,,,,,,,,,,,,
,,Sample groups ,,,,,Gender ,,Age ,,,
,Total,Under 16s,Not white British,Those with a disability,Social grade C2DE,Baseline,Male,Female,Under 16,16 – 18,19 – 25,Over 25
Sig. Level: 95%,,a,b,c,d,e,f,g,h,i,j,k
Sig. Level: 99%,,A,B,C,D,E,F,G,H,I,J,K
Total,1052,246,253,219,367,296,294,758,246,504,99,203
,100%,100%,100%,100%,100%,100%,100%,100%,100%,100%,100%,100%
Very useful (5.0),210,25,44,56,73,65,64,146,25,82,25,78
,20%,10%,17%,26%,20%,22%,22%,19%,10%,16%,25%,38%
,,,a,Ab,A,A,,,,h,Hi,HIj
Somewhat useful (4.0),250,53,62,51,88,72,75,175,53,113,30,54
,24%,22%,25%,23%,24%,24%,26%,23%,22%,22%,30%,27%
Useful (3.0),269,69,59,44,89,84,66,203,69,135,27,38
,26%,28%,23%,20%,24%,28%,22%,27%,28%,27%,27%,19%
,,c,,,,c,,,k,k,,
Not particularly useful (2.0),203,60,52,36,74,47,56,147,60,105,11,27
,19%,24%,21%,16%,20%,16%,19%,19%,24%,21%,11%,13%
,,ce,,,,,,,JK,jk,,
Not useful at all (1.0),95,30,30,26,34,23,21,74,30,55,5,5
,9%,12%,12%,12%,9%,8%,7%,10%,12%,11%,5%,2%
,,,,,,,,,jK,K,,
Don't know,25,9,6,6,9,5,12,13,9,14,1,1
,2%,4%,2%,3%,2%,2%,4%,2%,4%,3%,1%,*%
,,,,,,,g,,k,,,
Mean,3.27,2.93,3.15,3.35,3.26,3.37,3.37,3.23,2.93,3.13,3.6,3.86
,,,a,A,A,Ab,,,,h,HI,HI
Std. dev.,1.2,1.2,1.3,1.4,1.3,1.2,1.2,1.2,1.2,1.2,1.1,1.1
"Columns Tested: A,B,C,D,E - F,G - H,I,J,K",,,,,,,,,,,,
08/11/11                                                                                                                              Page 27,,,,,,,,,,,,
York Consulting – Information to aid learner decisions – November 2010,,,,,,,,,,,,
 ,,,,,,,,,,,,
Q1.5 : How useful : Availability and cost of parking at the provider,,,,,,,,,,,,
Base: All respondents,,,,,,,,,,,,
,,Parental social grade ,,Ethnicity ,,,,,,Region ,,
,Total,ABC1,C2DE,Asian or Asian British,Black or Black British,Chinese,Mixed,White,Other,North,Midlands,South
Sig. Level: 95%,,a,b,c,d,*e,f,g,*h,i,j,k
Sig. Level: 99%,,A,B,C,D,*E,F,G,*H,I,J,K
Total,1052,614,367,85,50,10,35,836,21,306,299,447
,100%,100%,100%,100%,100%,100%,100%,100%,100%,100%,100%,100%
Very useful (5.0),210,122,73,15,15,1,5,171,2,62,76,72
,20%,20%,20%,18%,30%,10%,14%,20%,10%,20%,25%,16%
,,,,,,,,,,,K,
Somewhat useful (4.0),250,146,88,26,8,3,5,194,8,69,74,107
,24%,24%,24%,31%,16%,30%,14%,23%,38%,23%,25%,24%
Useful (3.0),269,159,89,18,12,1,9,218,7,73,76,120
,26%,26%,24%,21%,24%,10%,26%,26%,33%,24%,25%,27%
Not particularly useful (2.0),203,119,74,18,10,1,7,161,3,60,50,93
,19%,19%,20%,21%,20%,10%,20%,19%,14%,20%,17%,21%
Not useful at all (1.0),95,54,34,7,3,2,9,72,1,33,17,45
,9%,9%,9%,8%,6%,20%,26%,9%,5%,11%,6%,10%
,,,,,,,cdG,,,j,,j
Don't know,25,14,9,1,2,2,0,20,0,9,6,10
,2%,2%,2%,1%,4%,20%,0%,2%,0%,3%,2%,2%
Mean,3.27,3.27,3.26,3.29,3.46,3,2.71,3.28,3.33,3.23,3.48,3.16
,,,,f,f,,,F,,,iK,
Std. dev.,1.2,1.2,1.3,1.2,1.3,1.5,1.4,1.2,1,1.3,1.2,1.2
"Columns Tested: A,B - C,D,E,F,G,H - I,J,K",,,,,,,,,,,,
08/11/11                                                                                                                              Page 28,,,,,,,,,,,,
York Consulting – Information to aid learner decisions – November 2010,,,,,,,,,,,,
 ,,,,,,,,,,,,
Q1.5 : How useful : Availability and cost of parking at the provider,,,,,,,,,,,,
Base: All respondents,,,,,,,,,,,,
,,Disability ,,,,,,,,,,
,Total,Yes,No,,,,,,,,,
Sig. Level: 95%,,a,b
Sig. Level: 99%,,A,B
Total,1052,219,800
,100%,100%,100%
Very useful (5.0),210,56,148
,20%,26%,19%
,,b,
Somewhat useful (4.0),250,51,192
,24%,23%,24%
Useful (3.0),269,44,212
,26%,20%,27%
Not particularly useful (2.0),203,36,162
,19%,16%,20%
Not useful at all (1.0),95,26,67
,9%,12%,8%
Don't know,25,6,19
,2%,3%,2%,,,,,,,,,,,
Mean,3.27,3.35,3.25,,,,,,,,,,,
Std. dev.,1.2,1.4,1.2,,,,,,,,,,,
"Columns Tested: A,B",,,,,,,,,,,,,,
08/11/11                                                                                                                              Page 29,,,,,,,,,,,,,,
York Consulting – Information to aid learner decisions – November 2010,,,,,,,,,,,,,,
 ,,,,,,,,,,,,,,
Q1.5 : How useful : Availability and cost of parking at the provider,,,,,,,,,,,,,,
Base: All respondents,,,,,,,,,,,,,,
,,Learning provider ,,,,,,,,,,,,
,Total,State 6th form,State school,Grammar,City academy,Private school,6th form college,FE college,HEI,Workplace,Training centre,Learndirect,Community centre,Other
Sig. Level: 95%,,a,b,c,*d,*e,f,g,*h,i,*j,*k,*l,*m
Sig. Level: 99%,,A,B,C,*D,*E,F,G,*H,I,*J,*K,*L,*M
Total,1052,150,285,68,19,2,157,197,10,95,26,6,8,26
,100%,100%,100%,100%,100%,100%,100%,100%,100%,100%,100%,100%,100%,100%
Very useful (5.0),210,29,39,6,3,1,20,53,5,34,9,1,3,7
,20%,19%,14%,9%,16%,50%,13%,27%,50%,36%,35%,17%,38%,27%
,,,,,,,,BCF,,ABCF,,,,
Somewhat useful (4.0),250,33,59,14,0,0,41,60,1,20,6,2,4,8
,24%,22%,21%,21%,0%,0%,26%,30%,10%,21%,23%,33%,50%,31%
,,,,,,,,b,,,,,,
Useful (3.0),269,34,87,17,10,1,44,41,3,20,3,3,0,6
,26%,23%,31%,25%,53%,50%,28%,21%,30%,21%,12%,50%,0%,23%
,,,g,,,,,,,,,,,
Not particularly useful (2.0),203,36,59,18,4,0,32,27,1,17,5,0,0,3
,19%,24%,21%,26%,21%,0%,20%,14%,10%,18%,19%,0%,0%,12%
,,g,g,g,,,,,,,,,,
Not useful at all (1.0),95,15,30,13,1,0,15,13,0,3,3,0,1,1
,9%,10%,11%,19%,5%,0%,10%,7%,0%,3%,12%,0%,13%,4%
,,i,i,fGI,,,,,,,,,,
Don't know,25,3,11,0,1,0,5,3,0,1,0,0,0,1
,2%,2%,4%,0%,5%,0%,3%,2%,0%,1%,0%,0%,0%,4%
Mean,3.27,3.17,3.07,2.74,3,4,3.13,3.58,4,3.69,3.5,3.67,4,3.68
,,c,c,,,,c,ABCF,,ABCF,,,,
Std. dev.,1.2,1.3,1.2,1.2,1.1,1.4,1.2,1.2,1.2,1.2,1.4,0.8,1.3,1.1
"Columns Tested: A,B,C,D,E,F,G,H,I,J,K,L,M",,,,,,,,,,,,,,
08/11/11                                                                                                                              Page 30,,,,,,,,,,,,,,
York Consulting – Information to aid learner decisions – November 2010,,,,,,,,,,,,,,
 ,,,,,,,,,,,,,,
Q1.6 : How useful : The length of the course/programme (e.g. the number of months and years it lasts),,,,,,,,,,,,,,
Base: All respondents,,,,,,,,,,,,,,
,,Sample groups ,,,,,Gender ,,Age ,,,,,
,Total,Under 16s,Not white British,Those with a disability,Social grade C2DE,Baseline,Male,Female,Under 16,16 – 18,19 – 25,Over 25,,
Sig. Level: 95%,,a,b,c,d,e,f,g,h,i,j,k,,
Sig. Level: 99%,,A,B,C,D,E,F,G,H,I,J,K,,
Total,1052,246,253,219,367,296,294,758,246,504,99,203,,
,100%,100%,100%,100%,100%,100%,100%,100%,100%,100%,100%,100%,,
Very useful (5.0),672,147,166,148,239,185,175,497,147,305,61,159,,
,64%,60%,66%,68%,65%,63%,60%,66%,60%,61%,62%,78%
,,,,,,,,,,,,HIJ
Somewhat useful (4.0),246,66,53,42,72,79,72,174,66,135,16,29
,23%,27%,21%,19%,20%,27%,24%,23%,27%,27%,16%,14%
,,d,,,,cd,,,jK,jK,,
Useful (3.0),111,26,26,24,46,28,37,74,26,53,20,12
,11%,11%,10%,11%,13%,9%,13%,10%,11%,11%,20%,6%
,,,,,,,,,,,hIK,
Not particularly useful (2.0),16,3,7,3,8,3,8,8,3,8,2,3
,2%,1%,3%,1%,2%,1%,3%,1%,1%,2%,2%,1%
,,,,,,,g,,,,,
Not useful at all (1.0),2,1,1,1,1,0,1,1,1,1,0,0
,*%,*%,*%,*%,*%,0%,*%,*%,*%,*%,0%,0%
Don't know,5,3,0,1,1,1,1,4,3,2,0,0
,*%,1%,0%,*%,*%,*%,*%,1%,1%,*%,0%,0%
Mean,4.5,4.46,4.49,4.53,4.48,4.51,4.41,4.54,4.46,4.46,4.37,4.69
,,,,,,,,f,,,,HIJ
Std. dev.,0.8,0.8,0.8,0.8,0.8,0.7,0.8,0.7,0.8,0.8,0.9,0.6
"Columns Tested: A,B,C,D,E - F,G - H,I,J,K",,,,,,,,,,,,
08/11/11                                                                                                                              Page 31,,,,,,,,,,,,
York Consulting – Information to aid learner decisions – November 2010,,,,,,,,,,,,
 ,,,,,,,,,,,,
Q1.6 : How useful : The length of the course/programme (e.g. the number of months and years it lasts),,,,,,,,,,,,
Base: All respondents,,,,,,,,,,,,
,,Parental social grade ,,Ethnicity ,,,,,,Region ,,
,Total,ABC1,C2DE,Asian or Asian British,Black or Black British,Chinese,Mixed,White,Other,North,Midlands,South
Sig. Level: 95%,,a,b,c,d,*e,f,g,*h,i,j,k
Sig. Level: 99%,,A,B,C,D,*E,F,G,*H,I,J,K
Total,1052,614,367,85,50,10,35,836,21,306,299,447
,100%,100%,100%,100%,100%,100%,100%,100%,100%,100%,100%,100%
Very useful (5.0),672,394,239,52,42,7,21,532,12,192,198,282
,64%,64%,65%,61%,84%,70%,60%,64%,57%,63%,66%,63%
,,,,,CfG,,,,,,,
Somewhat useful (4.0),246,155,72,22,5,2,10,199,4,70,67,109
,23%,25%,20%,26%,10%,20%,29%,24%,19%,23%,22%,24%
,,b,,d,,,d,d,,,,
Useful (3.0),111,53,46,7,2,1,3,89,5,35,29,47
,11%,9%,13%,8%,4%,10%,9%,11%,24%,11%,10%,11%
,,,a,,,,,,,,,
Not particularly useful (2.0),16,7,8,4,0,0,1,10,0,7,3,6
,2%,1%,2%,5%,0%,0%,3%,1%,0%,2%,1%,1%
,,,,g,,,,,,,,
Not useful at all (1.0),2,1,1,0,1,0,0,1,0,1,0,1
,*%,*%,*%,0%,2%,0%,0%,*%,0%,*%,0%,*%
,,,,,G,,,,,,,
Don't know,5,4,1,0,0,0,0,5,0,1,2,2
,*%,1%,*%,0%,0%,0%,0%,1%,0%,*%,1%,*%
Mean,4.5,4.53,4.48,4.44,4.74,4.6,4.46,4.51,4.33,4.46,4.55,4.49
,,,,,cg,,,,,,,
Std. dev.,0.8,0.7,0.8,0.8,0.7,0.7,0.8,0.7,0.9,0.8,0.7,0.8
"Columns Tested: A,B - C,D,E,F,G,H - I,J,K",,,,,,,,,,,,
08/11/11                                                                                                                              Page 32,,,,,,,,,,,,
York Consulting – Information to aid learner decisions – November 2010,,,,,,,,,,,,
 ,,,,,,,,,,,,
Q1.6 : How useful : The length of the course/programme (e.g. the number of months and years it lasts),,,,,,,,,,,,
Base: All respondents,,,,,,,,,,,,
,,Disability ,,,,,,,,,,
,Total,Yes,No,,,,,,,,,
Sig. Level: 95%,,a,b,,,,,,,,,
Sig. Level: 99%,,A,B,,,,,,,,,
Total,1052,219,800,,,,,,,,,
,100%,100%,100%,,,,,,,,,
Very useful (5.0),672,148,504,,,,,,,,,
,64%,68%,63%,,,,,,,,,
Somewhat useful (4.0),246,42,196
,23%,19%,25%
Useful (3.0),111,24,82
,11%,11%,10%
Not particularly useful (2.0),16,3,13
,2%,1%,2%
Not useful at all (1.0),2,1,1
,*%,*%,*%
Don't know,5,1,4
,*%,*%,1%
Mean,4.5,4.53,4.49
Std. dev.,0.8,0.8,0.8
"Columns Tested: A,B",,,
08/11/11                                                                                                                              Page 33,,,
York Consulting – Information to aid learner decisions – November 2010,,,
 ,,,
Q1.6 : How useful : The length of the course/programme (e.g. the number of months and years it lasts),,,,,,,,,,,,,,
Base: All respondents,,,,,,,,,,,,,,
,,Learning provider ,,,,,,,,,,,,
,Total,State 6th form,State school,Grammar,City academy,Private school,6th form college,FE college,HEI,Workplace,Training centre,Learndirect,Community centre,Other
Sig. Level: 95%,,a,b,c,*d,*e,f,g,*h,i,*j,*k,*l,*m
Sig. Level: 99%,,A,B,C,*D,*E,F,G,*H,I,*J,*K,*L,*M
Total,1052,150,285,68,19,2,157,197,10,95,26,6,8,26
,100%,100%,100%,100%,100%,100%,100%,100%,100%,100%,100%,100%,100%,100%
Very useful (5.0),672,83,172,47,9,1,99,135,6,67,16,6,7,22
,64%,55%,60%,69%,47%,50%,63%,69%,60%,71%,62%,100%,88%,85%
,,,,,,,,a,,a,,,,
Somewhat useful (4.0),246,46,73,14,5,0,38,44,4,14,5,0,1,1
,23%,31%,26%,21%,26%,0%,24%,22%,40%,15%,19%,0%,13%,4%
,,I,i,,,,,,,,,,,
Useful (3.0),111,20,31,6,4,1,16,15,0,12,4,0,0,2
,11%,13%,11%,9%,21%,50%,10%,8%,0%,13%,15%,0%,0%,8%
Not particularly useful (2.0),16,1,3,1,1,0,4,2,0,2,1,0,0,1
,2%,1%,1%,1%,5%,0%,3%,1%,0%,2%,4%,0%,0%,4%
Not useful at all (1.0),2,0,2,0,0,0,0,0,0,0,0,0,0,0
,*%,0%,1%,0%,0%,0%,0%,0%,0%,0%,0%,0%,0%,0%
Don't know,5,0,4,0,0,0,0,1,0,0,0,0,0,0
,*%,0%,1%,0%,0%,0%,0%,1%,0%,0%,0%,0%,0%,0%
Mean,4.5,4.41,4.46,4.57,4.16,4,4.48,4.59,4.6,4.54,4.38,5,4.88,4.69
,,,,,,,,a,,,,,,
Std. dev.,0.8,0.7,0.8,0.7,1,1.4,0.8,0.7,0.5,0.8,0.9,0,0.4,0.8
"Columns Tested: A,B,C,D,E,F,G,H,I,J,K,L,M",,,,,,,,,,,,,,
08/11/11                                                                                                                              Page 34,,,,,,,,,,,,,,
York Consulting – Information to aid learner decisions – November 2010,,,,,,,,,,,,,,
 ,,,,,,,,,,,,,,
Q1.7 : How useful : The number of weekly hours of teaching on the course/programme,,,,,,,,,,,,,,
Base: All respondents,,,,,,,,,,,,,,
,,Sample groups ,,,,,Gender ,,Age ,,,,,
,Total,Under 16s,Not white British,Those with a disability,Social grade C2DE,Baseline,Male,Female,Under 16,16 – 18,19 – 25,Over 25
Sig. Level: 95%,,a,b,c,d,e,f,g,h,i,j,k
Sig. Level: 99%,,A,B,C,D,E,F,G,H,I,J,K
Total,1052,246,253,219,367,296,294,758,246,504,99,203
,100%,100%,100%,100%,100%,100%,100%,100%,100%,100%,100%,100%
Very useful (5.0),517,104,127,121,185,141,134,383,104,229,47,137
,49%,42%,50%,55%,50%,48%,46%,51%,42%,45%,47%,67%
,,,,A,a,,,,,,,HIJ
Somewhat useful (4.0),345,87,86,61,116,104,99,246,87,187,25,46
,33%,35%,34%,28%,32%,35%,34%,32%,35%,37%,25%,23%
,,,,,,,,,K,jK,,
Useful (3.0),138,32,32,27,48,40,44,94,32,68,21,17
,13%,13%,13%,12%,13%,14%,15%,12%,13%,13%,21%,8%
,,,,,,,,,,,iK,
Not particularly useful (2.0),35,13,4,8,14,7,11,24,13,14,5,3
,3%,5%,2%,4%,4%,2%,4%,3%,5%,3%,5%,1%
,,b,,,,,,,k,,,
Not useful at all (1.0),10,5,2,0,3,3,2,8,5,4,1,0
,1%,2%,1%,0%,1%,1%,1%,1%,2%,1%,1%,0%
,,c,,,,,,,k,,,
Don't know,7,5,2,2,1,1,4,3,5,2,0,0
,1%,2%,1%,1%,*%,*%,1%,*%,2%,*%,0%,0%
,,d,,,,,,,ik,,,
Mean,4.27,4.13,4.32,4.36,4.27,4.26,4.21,4.29,4.13,4.24,4.13,4.56
,,,a,A,,,,,,,,HIJ
Std. dev.,0.9,1,0.8,0.8,0.9,0.9,0.9,0.9,1,0.8,1,0.7
"Columns Tested: A,B,C,D,E - F,G - H,I,J,K",,,,,,,,,,,,
08/11/11                                                                                                                              Page 35,,,,,,,,,,,,
York Consulting – Information to aid learner decisions – November 2010,,,,,,,,,,,,
 ,,,,,,,,,,,,
Q1.7 : How useful : The number of weekly hours of teaching on the course/programme,,,,,,,,,,,,
Base: All respondents,,,,,,,,,,,,
,,Parental social grade ,,Ethnicity ,,,,,,Region ,,
,Total,ABC1,C2DE,Asian or Asian British,Black or Black British,Chinese,Mixed,White,Other,North,Midlands,South
Sig. Level: 95%,,a,b,c,d,*e,f,g,*h,i,j,k
Sig. Level: 99%,,A,B,C,D,*E,F,G,*H,I,J,K
Total,1052,614,367,85,50,10,35,836,21,306,299,447
,100%,100%,100%,100%,100%,100%,100%,100%,100%,100%,100%,100%
Very useful (5.0),517,300,185,43,31,6,14,407,9,137,166,214
,49%,49%,50%,51%,62%,60%,40%,49%,43%,45%,56%,48%
,,,,,f,,,,,,Ik,
Somewhat useful (4.0),345,205,116,25,13,3,15,274,9,111,83,151
,33%,33%,32%,29%,26%,30%,43%,33%,43%,36%,28%,34%
,,,,,,,,,,j,,
Useful (3.0),138,78,48,13,4,1,6,109,3,44,39,55
,13%,13%,13%,15%,8%,10%,17%,13%,14%,14%,13%,12%
Not particularly useful (2.0),35,20,14,2,1,0,0,32,0,8,7,20
,3%,3%,4%,2%,2%,0%,0%,4%,0%,3%,2%,4%
Not useful at all (1.0),10,5,3,2,0,0,0,8,0,4,2,4
,1%,1%,1%,2%,0%,0%,0%,1%,0%,1%,1%,1%
Don't know,7,6,1,0,1,0,0,6,0,2,2,3
,1%,1%,*%,0%,2%,0%,0%,1%,0%,1%,1%,1%
Mean,4.27,4.27,4.27,4.24,4.51,4.5,4.23,4.25,4.29,4.21,4.36,4.24
,,,,,g,,,,,,i,
Std. dev.,0.9,0.9,0.9,1,0.7,0.7,0.7,0.9,0.7,0.9,0.8,0.9
"Columns Tested: A,B - C,D,E,F,G,H - I,J,K",,,,,,,,,,,,
08/11/11                                                                                                                              Page 36,,,,,,,,,,,,
York Consulting – Information to aid learner decisions – November 2010,,,,,,,,,,,,
 ,,,,,,,,,,,,
Q1.7 : How useful : The number of weekly hours of teaching on the course/programme,,,,,,,,,,,,
Base: All respondents,,,,,,,,,,,,
,,Disability ,,,,,,,,,,
,Total,Yes,No,,,,,,,,,
Sig. Level: 95%,,a,b,,,,,,,,,
Sig. Level: 99%,,A,B
Total,1052,219,800
,100%,100%,100%
Very useful (5.0),517,121,378
,49%,55%,47%
,,b,
Somewhat useful (4.0),345,61,273
,33%,28%,34%
Useful (3.0),138,27,107
,13%,12%,13%
Not particularly useful (2.0),35,8,27
,3%,4%,3%
Not useful at all (1.0),10,0,10
,1%,0%,1%
Don't know,7,2,5
,1%,1%,1%
Mean,4.27,4.36,4.24,,,,,,,,,,,
Std. dev.,0.9,0.8,0.9,,,,,,,,,,,
"Columns Tested: A,B",,,,,,,,,,,,,,
08/11/11                                                                                                                              Page 37,,,,,,,,,,,,,,
York Consulting – Information to aid learner decisions – November 2010,,,,,,,,,,,,,,
 ,,,,,,,,,,,,,,
Q1.7 : How useful : The number of weekly hours of teaching on the course/programme,,,,,,,,,,,,,,
Base: All respondents,,,,,,,,,,,,,,
,,Learning provider ,,,,,,,,,,,,
,Total,State 6th form,State school,Grammar,City academy,Private school,6th form college,FE college,HEI,Workplace,Training centre,Learndirect,Community centre,Other
Sig. Level: 95%,,a,b,c,*d,*e,f,g,*h,i,*j,*k,*l,*m
Sig. Level: 99%,,A,B,C,*D,*E,F,G,*H,I,*J,*K,*L,*M
Total,1052,150,285,68,19,2,157,197,10,95,26,6,8,26
,100%,100%,100%,100%,100%,100%,100%,100%,100%,100%,100%,100%,100%,100%
Very useful (5.0),517,70,129,37,7,1,64,104,7,56,16,6,6,12
,49%,47%,45%,54%,37%,50%,41%,53%,70%,59%,62%,100%,75%,46%
,,,,,,,,f,,bF,,,,
Somewhat useful (4.0),345,50,93,27,4,0,60,63,3,26,6,0,2,10
,33%,33%,33%,40%,21%,0%,38%,32%,30%,27%,23%,0%,25%,38%
Useful (3.0),138,24,43,2,3,0,25,24,0,12,2,0,0,3
,13%,16%,15%,3%,16%,0%,16%,12%,0%,13%,8%,0%,0%,12%
,,C,C,,,,C,c,,c,,,,
Not particularly useful (2.0),35,4,12,0,3,1,6,5,0,1,2,0,0,1
,3%,3%,4%,0%,16%,50%,4%,3%,0%,1%,8%,0%,0%,4%
Not useful at all (1.0),10,2,4,0,2,0,2,0,0,0,0,0,0,0
,1%,1%,1%,0%,11%,0%,1%,0%,0%,0%,0%,0%,0%,0%
Don't know,7,0,4,2,0,0,0,1,0,0,0,0,0,0
,1%,0%,1%,3%,0%,0%,0%,1%,0%,0%,0%,0%,0%,0%
,,,,af,,,,,,,,,,
Mean,4.27,4.21,4.18,4.53,3.58,3.5,4.13,4.36,4.7,4.44,4.38,5,4.75,4.27
,,,,ABF,,,,bf,,abF,,,,
Std. dev.,0.9,0.9,0.9,0.6,1.4,2.1,0.9,0.8,0.5,0.8,0.9,0,0.5,0.8
"Columns Tested: A,B,C,D,E,F,G,H,I,J,K,L,M",,,,,,,,,,,,
08/11/11                                                                                                                              Page 38,,,,,,,,,,,,
York Consulting – Information to aid learner decisions – November 2010,,,,,,,,,,,,
 ,,,,,,,,,,,,
Q1.8 : How useful : The balance of coursework and exams on the course/programme,,,,,,,,,,,,
Base: All respondents,,,,,,,,,,,,
,,Sample groups ,,,,,Gender ,,Age ,,,
,Total,Under 16s,Not white British,Those with a disability,Social grade C2DE,Baseline,Male,Female,Under 16,16 – 18,19 – 25,Over 25
Sig. Level: 95%,,a,b,c,d,e,f,g,h,i,j,k
Sig. Level: 99%,,A,B,C,D,E,F,G,H,I,J,K
Total,1052,246,253,219,367,296,294,758,246,504,99,203
,100%,100%,100%,100%,100%,100%,100%,100%,100%,100%,100%,100%
Very useful (5.0),548,129,136,115,183,151,131,417,129,254,49,116
,52%,52%,54%,53%,50%,51%,45%,55%,52%,50%,49%,57%
,,,,,,,,F,,,,
Somewhat useful (4.0),343,78,82,74,114,103,103,240,78,174,33,58
,33%,32%,32%,34%,31%,35%,35%,32%,32%,35%,33%,29%
Useful (3.0),119,23,28,20,51,34,38,81,23,58,13,25
,11%,9%,11%,9%,14%,11%,13%,11%,9%,12%,13%,12%
Not particularly useful (2.0),34,13,4,7,15,7,18,16,13,14,4,3
,3%,5%,2%,3%,4%,2%,6%,2%,5%,3%,4%,1%
,,b,,,,,G,,k,,,
Not useful at all (1.0),3,0,1,1,3,0,2,1,0,2,0,1
,*%,0%,*%,*%,1%,0%,1%,*%,0%,*%,0%,*%
Don't know,5,3,2,2,1,1,2,3,3,2,0,0
,*%,1%,1%,1%,*%,*%,1%,*%,1%,*%,0%,0%
Mean,4.34,4.33,4.39,4.36,4.25,4.35,4.17,4.4,4.33,4.32,4.28,4.4
,,,,,,,,F,,,,
Std. dev.,0.8,0.9,0.8,0.8,0.9,0.8,0.9,0.8,0.9,0.8,0.8,0.8
"Columns Tested: A,B,C,D,E - F,G - H,I,J,K",,,,,,,,,,,,
08/11/11                                                                                                                              Page 39,,,,,,,,,,,,
York Consulting – Information to aid learner decisions – November 2010,,,,,,,,,,,,
 ,,,,,,,,,,,,
Q1.8 : How useful : The balance of coursework and exams on the course/programme,,,,,,,,,,,,
Base: All respondents,,,,,,,,,,,,
,,Parental social grade ,,Ethnicity ,,,,,,Region ,,
,Total,ABC1,C2DE,Asian or Asian British,Black or Black British,Chinese,Mixed,White,Other,North,Midlands,South
Sig. Level: 95%,,a,b,c,d,*e,f,g,*h,i,j,k
Sig. Level: 99%,,A,B,C,D,*E,F,G,*H,I,J,K
Total,1052,614,367,85,50,10,35,836,21,306,299,447
,100%,100%,100%,100%,100%,100%,100%,100%,100%,100%,100%,100%
Very useful (5.0),548,327,183,43,34,7,14,432,11,158,161,229
,52%,53%,50%,51%,68%,70%,40%,52%,52%,52%,54%,51%
,,,,,fg,,,,,,,
Somewhat useful (4.0),343,202,114,27,10,3,15,274,9,93,98,152
,33%,33%,31%,32%,20%,30%,43%,33%,43%,30%,33%,34%
,,,,,,,d,,,,,
Useful (3.0),119,63,51,12,4,0,4,95,1,40,29,50
,11%,10%,14%,14%,8%,0%,11%,11%,5%,13%,10%,11%
Not particularly useful (2.0),34,18,15,2,0,0,2,30,0,12,10,12
,3%,3%,4%,2%,0%,0%,6%,4%,0%,4%,3%,3%
Not useful at all (1.0),3,0,3,0,1,0,0,2,0,2,0,1
,*%,0%,1%,0%,2%,0%,0%,*%,0%,1%,0%,*%
,,,a,,g,,,,,,,
Don't know,5,4,1,1,1,0,0,3,0,1,1,3
,*%,1%,*%,1%,2%,0%,0%,*%,0%,*%,*%,1%
Mean,4.34,4.37,4.25,4.32,4.55,4.7,4.17,4.33,4.48,4.29,4.38,4.34
,,b,,,f,,,,,,,
Std. dev.,0.8,0.8,0.9,0.8,0.8,0.5,0.9,0.8,0.6,0.9,0.8,0.8
"Columns Tested: A,B - C,D,E,F,G,H - I,J,K",,,,,,,,,,,,
08/11/11                                                                                                                              Page 40,,,,,,,,,,,,
York Consulting – Information to aid learner decisions – November 2010,,,,,,,,,,,,
 ,,,,,,,,,,,,
Q1.8 : How useful : The balance of coursework and exams on the course/programme,,,,,,,,,,,,
Base: All respondents,,,
,,Disability ,
,Total,Yes,No
Sig. Level: 95%,,a,b
Sig. Level: 99%,,A,B
Total,1052,219,800
,100%,100%,100%
Very useful (5.0),548,115,413
,52%,53%,52%
Somewhat useful (4.0),343,74,259
,33%,34%,32%
Useful (3.0),119,20,96
,11%,9%,12%
Not particularly useful (2.0),34,7,27
,3%,3%,3%
Not useful at all (1.0),3,1,2
,*%,*%,*%,,,,,,,,,,,
Don't know,5,2,3,,,,,,,,,,,
,*%,1%,*%,,,,,,,,,,,
Mean,4.34,4.36,4.32,,,,,,,,,,,
Std. dev.,0.8,0.8,0.8,,,,,,,,,,,
"Columns Tested: A,B",,,,,,,,,,,,,,
08/11/11                                                                                                                              Page 41,,,,,,,,,,,,,,
York Consulting – Information to aid learner decisions – November 2010,,,,,,,,,,,,,,
 ,,,,,,,,,,,,,,
Q1.8 : How useful : The balance of coursework and exams on the course/programme,,,,,,,,,,,,,,
Base: All respondents,,,,,,,,,,,,,,
,,Learning provider ,,,,,,,,,,,,
,Total,State 6th form,State school,Grammar,City academy,Private school,6th form college,FE college,HEI,Workplace,Training centre,Learndirect,Community centre,Other
Sig. Level: 95%,,a,b,c,*d,*e,f,g,*h,i,*j,*k,*l,*m
Sig. Level: 99%,,A,B,C,*D,*E,F,G,*H,I,*J,*K,*L,*M
Total,1052,150,285,68,19,2,157,197,10,95,26,6,8,26
,100%,100%,100%,100%,100%,100%,100%,100%,100%,100%,100%,100%,100%,100%
Very useful (5.0),548,80,148,34,6,1,84,104,7,47,15,4,6,11
,52%,53%,52%,50%,32%,50%,54%,53%,70%,49%,58%,67%,75%,42%
Somewhat useful (4.0),343,49,93,25,10,0,49,63,2,31,6,1,2,10
,33%,33%,33%,37%,53%,0%,31%,32%,20%,33%,23%,17%,25%,38%
Useful (3.0),119,16,31,7,0,0,14,27,1,15,4,1,0,3
,11%,11%,11%,10%,0%,0%,9%,14%,10%,16%,15%,17%,0%,12%
Not particularly useful (2.0),34,5,10,1,2,1,9,2,0,1,1,0,0,2
,3%,3%,4%,1%,11%,50%,6%,1%,0%,1%,4%,0%,0%,8%
,,,,,,,g,,,,,,,
Not useful at all (1.0),3,0,1,0,1,0,0,0,0,1,0,0,0,0
,*%,0%,*%,0%,5%,0%,0%,0%,0%,1%,0%,0%,0%,0%
Don't know,5,0,2,1,0,0,1,1,0,0,0,0,0,0
,*%,0%,1%,1%,0%,0%,1%,1%,0%,0%,0%,0%,0%,0%
Mean,4.34,4.36,4.33,4.37,3.95,3.5,4.33,4.37,4.6,4.28,4.35,4.5,4.75,4.15
Std. dev.,0.8,0.8,0.8,0.7,1.1,2.1,0.9,0.8,0.7,0.8,0.9,0.8,0.5,0.9
"Columns Tested: A,B,C,D,E,F,G,H,I,J,K,L,M",,,,,,,,,,,,
08/11/11                                                                                                                              Page 42,,,,,,,,,,,,
York Consulting – Information to aid learner decisions – November 2010,,,,,,,,,,,,
 ,,,,,,,,,,,,
Q1.9 : How useful : The entry qualifications/requirements you would need to get on the course/programme,,,,,,,,,,,,
Base: All respondents,,,,,,,,,,,,
,,Sample groups ,,,,,Gender ,,Age ,,,
,Total,Under 16s,Not white British,Those with a disability,Social grade C2DE,Baseline,Male,Female,Under 16,16 – 18,19 – 25,Over 25
Sig. Level: 95%,,a,b,c,d,e,f,g,h,i,j,k
Sig. Level: 99%,,A,B,C,D,E,F,G,H,I,J,K
Total,1052,246,253,219,367,296,294,758,246,504,99,203
,100%,100%,100%,100%,100%,100%,100%,100%,100%,100%,100%,100%
Very useful (5.0),805,184,196,175,275,227,210,595,184,399,65,157
,77%,75%,77%,80%,75%,77%,71%,78%,75%,79%,66%,77%
,,,,,,,,f,,J,,j
Somewhat useful (4.0),163,43,34,30,53,49,56,107,43,69,18,33
,15%,17%,13%,14%,14%,17%,19%,14%,17%,14%,18%,16%
,,,,,,,g,,,,,
Useful (3.0),63,12,15,9,29,18,20,43,12,28,13,10
,6%,5%,6%,4%,8%,6%,7%,6%,5%,6%,13%,5%
,,,,,,,,,,,HIk,
Not particularly useful (2.0),12,4,6,2,5,1,5,7,4,4,2,2
,1%,2%,2%,1%,1%,*%,2%,1%,2%,1%,2%,1%
,,,e,,,,,,,,,
Not useful at all (1.0),4,1,1,2,3,0,1,3,1,2,1,0
,*%,*%,*%,1%,1%,0%,*%,*%,*%,*%,1%,0%
Don't know,5,2,1,1,2,1,2,3,2,2,0,1
,*%,1%,*%,*%,1%,*%,1%,*%,1%,*%,0%,*%
Mean,4.67,4.66,4.66,4.72,4.62,4.7,4.61,4.7,4.66,4.71,4.45,4.71
,,,,,,,,f,j,J,,J
Std. dev.,0.7,0.7,0.7,0.7,0.8,0.6,0.7,0.7,0.7,0.6,0.9,0.6
"Columns Tested: A,B,C,D,E - F,G - H,I,J,K",,,,,,,,,,,,
08/11/11                                                                                                                              Page 43,,,,,,,,,,,,
York Consulting – Information to aid learner decisions – November 2010,,,,,,,,,,,,
 ,,,,,,,,,,,,
Q1.9 : How useful : The entry qualifications/requirements you would need to get on the course/programme,,,,,,,,,,,,
Base: All respondents,,,,,,,,,,,,
,,Parental social grade ,,Ethnicity ,,,,,,Region ,,
,Total,ABC1,C2DE,Asian or Asian British,Black or Black British,Chinese,Mixed,White,Other,North,Midlands,South
Sig. Level: 95%,,a,b,c,d,*e,f,g,*h,i,j,k
Sig. Level: 99%,,A,B,C,D,*E,F,G,*H,I,J,K
Total,1052,614,367,85,50,10,35,836,21,306,299,447
,100%,100%,100%,100%,100%,100%,100%,100%,100%,100%,100%,100%
Very useful (5.0),805,476,275,63,43,7,25,641,16,229,229,347
,77%,78%,75%,74%,86%,70%,71%,77%,76%,75%,77%,78%
Somewhat useful (4.0),163,101,53,13,4,3,5,132,3,46,49,68
,15%,16%,14%,15%,8%,30%,14%,16%,14%,15%,16%,15%
Useful (3.0),63,27,29,6,2,0,3,48,2,21,19,23
,6%,4%,8%,7%,4%,0%,9%,6%,10%,7%,6%,5%
,,,a,,,,,,,,,
Not particularly useful (2.0),12,6,5,3,0,0,1,8,0,7,1,4
,1%,1%,1%,4%,0%,0%,3%,1%,0%,2%,*%,1%
,,,,g,,,,,,j,,
Not useful at all (1.0),4,1,3,0,1,0,0,3,0,2,0,2
,*%,*%,1%,0%,2%,0%,0%,*%,0%,1%,0%,*%
Don't know,5,3,2,0,0,0,1,4,0,1,1,3
,*%,*%,1%,0%,0%,0%,3%,*%,0%,*%,*%,1%
Mean,4.67,4.71,4.62,4.6,4.76,4.7,4.59,4.68,4.67,4.62,4.7,4.7
,,b,,,,,,,,,,
Std. dev.,0.7,0.6,0.8,0.8,0.7,0.5,0.8,0.7,0.7,0.8,0.6,0.7
"Columns Tested: A,B - C,D,E,F,G,H - I,J,K",,,,,,,,,,,,
08/11/11                                                                                                                              Page 44,,,,,,,,,,,,
York Consulting – Information to aid learner decisions – November 2010,,,,,,,,,,,,
 ,,,,,,,,,,,,
Q1.9 : How useful : The entry qualifications/requirements you would need to get on the course/programme,,,
Base: All respondents,,,
,,Disability ,
,Total,Yes,No
Sig. Level: 95%,,a,b
Sig. Level: 99%,,A,B
Total,1052,219,800
,100%,100%,100%
Very useful (5.0),805,175,607
,77%,80%,76%
Somewhat useful (4.0),163,30,128
,15%,14%,16%
Useful (3.0),63,9,50
,6%,4%,6%
Not particularly useful (2.0),12,2,9
,1%,1%,1%
Not useful at all (1.0),4,2,2,,,,,,,,,,,
,*%,1%,*%,,,,,,,,,,,
Don't know,5,1,4,,,,,,,,,,,
,*%,*%,1%,,,,,,,,,,,
Mean,4.67,4.72,4.67,,,,,,,,,,,
Std. dev.,0.7,0.7,0.7,,,,,,,,,,,
"Columns Tested: A,B",,,,,,,,,,,,,,
08/11/11                                                                                                                              Page 45,,,,,,,,,,,,,,
York Consulting – Information to aid learner decisions – November 2010,,,,,,,,,,,,,,
 ,,,,,,,,,,,,,,
Q1.9 : How useful : The entry qualifications/requirements you would need to get on the course/programme,,,,,,,,,,,,,,
Base: All respondents,,,,,,,,,,,,,,
,,Learning provider ,,,,,,,,,,,,
,Total,State 6th form,State school,Grammar,City academy,Private school,6th form college,FE college,HEI,Workplace,Training centre,Learndirect,Community centre,Other
Sig. Level: 95%,,a,b,c,*d,*e,f,g,*h,i,*j,*k,*l,*m
Sig. Level: 99%,,A,B,C,*D,*E,F,G,*H,I,*J,*K,*L,*M
Total,1052,150,285,68,19,2,157,197,10,95,26,6,8,26
,100%,100%,100%,100%,100%,100%,100%,100%,100%,100%,100%,100%,100%,100%
Very useful (5.0),805,122,209,61,12,2,123,148,8,66,19,5,7,21
,77%,81%,73%,90%,63%,100%,78%,75%,80%,69%,73%,83%,88%,81%
,,i,,BfgI,,,,,,,,,,
Somewhat useful (4.0),163,18,50,4,5,0,23,32,2,19,4,1,1,3
,15%,12%,18%,6%,26%,0%,15%,16%,20%,20%,15%,17%,13%,12%
,,,c,,,,,c,,c,,,,
Useful (3.0),63,9,19,1,0,0,9,13,0,8,2,0,0,2
,6%,6%,7%,1%,0%,0%,6%,7%,0%,8%,8%,0%,0%,8%
Not particularly useful (2.0),12,1,4,1,0,0,2,1,0,2,1,0,0,0
,1%,1%,1%,1%,0%,0%,1%,1%,0%,2%,4%,0%,0%,0%
Not useful at all (1.0),4,0,1,0,2,0,0,1,0,0,0,0,0,0
,*%,0%,*%,0%,11%,0%,0%,1%,0%,0%,0%,0%,0%,0%
Don't know,5,0,2,1,0,0,0,2,0,0,0,0,0,0
,*%,0%,1%,1%,0%,0%,0%,1%,0%,0%,0%,0%,0%,0%
Mean,4.67,4.74,4.63,4.87,4.32,5,4.7,4.67,4.8,4.57,4.58,4.83,4.88,4.73
,,i,,bgI,,,,,,,,,,
Std. dev.,0.7,0.6,0.7,0.5,1.2,0,0.6,0.7,0.4,0.7,0.8,0.4,0.4,0.6
"Columns Tested: A,B,C,D,E,F,G,H,I,J,K,L,M",,,,,,,,,,,,,,
08/11/11                                                                                                                              Page 46,,,,,,,,,,,,,,
York Consulting – Information to aid learner decisions – November 2010,,,,,,,,,,,,,,
 ,,,,,,,,,,,,,,
Q1.10 : How useful : How much it would cost for you to do the course/programme,,,,,,,,,,,,,,
Base: All respondents,,,,,,,,,,,,,,
,,Sample groups ,,,,,Gender ,,Age ,,,,,
,Total,Under 16s,Not white British,Those with a disability,Social grade C2DE,Baseline,Male,Female,Under 16,16 – 18,19 – 25,Over 25,,
Sig. Level: 95%,,a,b,c,d,e,f,g,h,i,j,k,,
Sig. Level: 99%,,A,B,C,D,E,F,G,H,I,J,K,,
Total,1052,246,253,219,367,296,294,758,246,504,99,203,,
,100%,100%,100%,100%,100%,100%,100%,100%,100%,100%,100%,100%,,
Very useful (5.0),720,165,173,155,255,195,183,537,165,334,62,159,,
,68%,67%,68%,71%,69%,66%,62%,71%,67%,66%,63%,78%
,,,,,,,,F,,,,HIJ
Somewhat useful (4.0),196,49,47,35,63,65,58,138,49,102,18,27
,19%,20%,19%,16%,17%,22%,20%,18%,20%,20%,18%,13%
,,,,,,,,,,k,,
Useful (3.0),94,23,25,19,30,26,36,58,23,47,13,11
,9%,9%,10%,9%,8%,9%,12%,8%,9%,9%,13%,5%
,,,,,,,g,,,,k,
Not particularly useful (2.0),24,6,6,6,12,5,12,12,6,11,3,4
,2%,2%,2%,3%,3%,2%,4%,2%,2%,2%,3%,2%
,,,,,,,g,,,,,
Not useful at all (1.0),10,1,1,1,5,3,2,8,1,6,3,0
,1%,*%,*%,*%,1%,1%,1%,1%,*%,1%,3%,0%
,,,,,,,,,,,hk,
Don't know,8,2,1,3,2,2,3,5,2,4,0,2
,1%,1%,*%,1%,1%,1%,1%,1%,1%,1%,0%,1%
Mean,4.52,4.52,4.53,4.56,4.51,4.51,4.4,4.57,4.52,4.49,4.34,4.7
,,,,,,,,F,,,,hIJ
Std. dev.,0.8,0.8,0.8,0.8,0.9,0.8,0.9,0.8,0.8,0.8,1,0.7
"Columns Tested: A,B,C,D,E - F,G - H,I,J,K",,,,,,,,,,,,
08/11/11                                                                                                                              Page 47,,,,,,,,,,,,
York Consulting – Information to aid learner decisions – November 2010,,,,,,,,,,,,
 ,,,,,,,,,,,,
Q1.10 : How useful : How much it would cost for you to do the course/programme,,,,,,,,,,,,
Base: All respondents,,,,,,,,,,,,
,,Parental social grade ,,Ethnicity ,,,,,,Region ,,
,Total,ABC1,C2DE,Asian or Asian British,Black or Black British,Chinese,Mixed,White,Other,North,Midlands,South
Sig. Level: 95%,,a,b,c,d,*e,f,g,*h,i,j,k
Sig. Level: 99%,,A,B,C,D,*E,F,G,*H,I,J,K
Total,1052,614,367,85,50,10,35,836,21,306,299,447
,100%,100%,100%,100%,100%,100%,100%,100%,100%,100%,100%,100%
Very useful (5.0),720,419,255,55,39,7,24,572,13,204,215,301
,68%,68%,69%,65%,78%,70%,69%,68%,62%,67%,72%,67%
Somewhat useful (4.0),196,120,63,16,7,1,6,156,7,56,51,89
,19%,20%,17%,19%,14%,10%,17%,19%,33%,18%,17%,20%
Useful (3.0),94,56,30,9,3,2,4,73,1,32,24,38
,9%,9%,8%,11%,6%,20%,11%,9%,5%,10%,8%,9%
Not particularly useful (2.0),24,10,12,4,0,0,1,19,0,10,4,10
,2%,2%,3%,5%,0%,0%,3%,2%,0%,3%,1%,2%
Not useful at all (1.0),10,4,5,1,0,0,0,9,0,2,2,6
,1%,1%,1%,1%,0%,0%,0%,1%,0%,1%,1%,1%
Don't know,8,5,2,0,1,0,0,7,0,2,3,3
,1%,1%,1%,0%,2%,0%,0%,1%,0%,1%,1%,1%
Mean,4.52,4.54,4.51,4.41,4.73,4.5,4.51,4.52,4.57,4.48,4.6,4.51
,,,,,c,,,,,,,
Std. dev.,0.8,0.8,0.9,0.9,0.6,0.8,0.8,0.8,0.6,0.9,0.8,0.8
"Columns Tested: A,B - C,D,E,F,G,H - I,J,K",,,,,,,,,,,,
08/11/11                                                                                                                              Page 48,,,,,,,,,,,,
York Consulting – Information to aid learner decisions – November 2010,,,
 ,,,
Q1.10 : How useful : How much it would cost for you to do the course/programme,,,
Base: All respondents,,,
,,Disability ,
,Total,Yes,No
Sig. Level: 95%,,a,b
Sig. Level: 99%,,A,B
Total,1052,219,800
,100%,100%,100%
Very useful (5.0),720,155,544
,68%,71%,68%
Somewhat useful (4.0),196,35,152
,19%,16%,19%
Useful (3.0),94,19,72
,9%,9%,9%
Not particularly useful (2.0),24,6,18,,,,,,,,,,,
,2%,3%,2%,,,,,,,,,,,
Not useful at all (1.0),10,1,9,,,,,,,,,,,
,1%,*%,1%,,,,,,,,,,,
Don't know,8,3,5,,,,,,,,,,,
,1%,1%,1%,,,,,,,,,,,
Mean,4.52,4.56,4.51,,,,,,,,,,,
Std. dev.,0.8,0.8,0.8,,,,,,,,,,,
"Columns Tested: A,B",,,,,,,,,,,,,,
08/11/11                                                                                                                              Page 49,,,,,,,,,,,,,,
York Consulting – Information to aid learner decisions – November 2010,,,,,,,,,,,,,,
 ,,,,,,,,,,,,,,
Q1.10 : How useful : How much it would cost for you to do the course/programme,,,,,,,,,,,,,,
Base: All respondents,,,,,,,,,,,,,,
,,Learning provider ,,,,,,,,,,,,
,Total,State 6th form,State school,Grammar,City academy,Private school,6th form college,FE college,HEI,Workplace,Training centre,Learndirect,Community centre,Other
Sig. Level: 95%,,a,b,c,*d,*e,f,g,*h,i,*j,*k,*l,*m
Sig. Level: 99%,,A,B,C,*D,*E,F,G,*H,I,*J,*K,*L,*M
Total,1052,150,285,68,19,2,157,197,10,95,26,6,8,26
,100%,100%,100%,100%,100%,100%,100%,100%,100%,100%,100%,100%,100%,100%
Very useful (5.0),720,101,193,51,12,1,97,138,7,66,19,4,7,22
,68%,67%,68%,75%,63%,50%,62%,70%,70%,69%,73%,67%,88%,85%
Somewhat useful (4.0),196,30,57,11,3,0,34,33,3,15,4,2,1,2
,19%,20%,20%,16%,16%,0%,22%,17%,30%,16%,15%,33%,13%,8%
Useful (3.0),94,16,23,5,1,1,20,16,0,8,2,0,0,2
,9%,11%,8%,7%,5%,50%,13%,8%,0%,8%,8%,0%,0%,8%
Not particularly useful (2.0),24,3,4,1,3,0,3,6,0,3,1,0,0,0
,2%,2%,1%,1%,16%,0%,2%,3%,0%,3%,4%,0%,0%,0%
Not useful at all (1.0),10,0,5,0,0,0,2,2,0,1,0,0,0,0
,1%,0%,2%,0%,0%,0%,1%,1%,0%,1%,0%,0%,0%,0%
Don't know,8,0,3,0,0,0,1,2,0,2,0,0,0,0
,1%,0%,1%,0%,0%,0%,1%,1%,0%,2%,0%,0%,0%,0%
Mean,4.52,4.53,4.52,4.65,4.26,4,4.42,4.53,4.7,4.53,4.58,4.67,4.88,4.77
Std. dev.,0.8,0.8,0.8,0.7,1.1,1.4,0.9,0.9,0.5,0.9,0.8,0.5,0.4,0.6
"Columns Tested: A,B,C,D,E,F,G,H,I,J,K,L,M",,,,,,,,,,,,,,
08/11/11                                                                                                                              Page 50,,,,,,,,,,,,,,
York Consulting – Information to aid learner decisions – November 2010,,,,,,,,,,,,,,
 ,,,,,,,,,,,,,,
Q1.11 : How useful : Whether there would be any financial support available to you to pay for the course/programme,,,,,,,,,,,,,,
Base: All respondents,,,,,,,,,,,,,,
,,Sample groups ,,,,,Gender ,,Age ,,,,,
,Total,Under 16s,Not white British,Those with a disability,Social grade C2DE,Baseline,Male,Female,Under 16,16 – 18,19 – 25,Over 25,,
Sig. Level: 95%,,a,b,c,d,e,f,g,h,i,j,k,,
Sig. Level: 99%,,A,B,C,D,E,F,G,H,I,J,K,,
Total,1052,246,253,219,367,296,294,758,246,504,99,203,,
,100%,100%,100%,100%,100%,100%,100%,100%,100%,100%,100%,100%,,
Very useful (5.0),630,128,156,145,252,168,161,469,128,297,62,143,,
,60%,52%,62%,66%,69%,57%,55%,62%,52%,59%,63%,70%,,
,,,a,Ae,AE,,,f,,,,HI
Somewhat useful (4.0),235,58,55,42,68,71,73,162,58,124,16,37
,22%,24%,22%,19%,19%,24%,25%,21%,24%,25%,16%,18%
Useful (3.0),120,35,26,22,32,39,35,85,35,56,14,15
,11%,14%,10%,10%,9%,13%,12%,11%,14%,11%,14%,7%
,,d,,,,,,,k,,,
Not particularly useful (2.0),43,16,11,5,9,11,16,27,16,19,5,3
,4%,7%,4%,2%,2%,4%,5%,4%,7%,4%,5%,1%
,,cd,,,,,,,K,,,
Not useful at all (1.0),16,5,3,3,5,5,8,8,5,5,2,4
,2%,2%,1%,1%,1%,2%,3%,1%,2%,1%,2%,2%
,,,,,,,g,,,,,
Don't know,8,4,2,2,1,2,1,7,4,3,0,1
,1%,2%,1%,1%,*%,1%,*%,1%,2%,1%,0%,*%
Mean,4.36,4.19,4.39,4.48,4.51,4.31,4.24,4.41,4.19,4.38,4.32,4.54
,,,a,Ae,AE,,,F,,h,,Hij
Std. dev.,0.9,1,0.9,0.9,0.9,1,1,0.9,1,0.9,1,0.9
"Columns Tested: A,B,C,D,E - F,G - H,I,J,K",,,,,,,,,,,,
08/11/11                                                                                                                              Page 51,,,,,,,,,,,,
York Consulting – Information to aid learner decisions – November 2010,,,,,,,,,,,,
 ,,,,,,,,,,,,
Q1.11 : How useful : Whether there would be any financial support available to you to pay for the course/programme,,,,,,,,,,,,
Base: All respondents,,,,,,,,,,,,
,,Parental social grade ,,Ethnicity ,,,,,,Region ,,
,Total,ABC1,C2DE,Asian or Asian British,Black or Black British,Chinese,Mixed,White,Other,North,Midlands,South
Sig. Level: 95%,,a,b,c,d,*e,f,g,*h,i,j,k
Sig. Level: 99%,,A,B,C,D,*E,F,G,*H,I,J,K
Total,1052,614,367,85,50,10,35,836,21,306,299,447
,100%,100%,100%,100%,100%,100%,100%,100%,100%,100%,100%,100%
Very useful (5.0),630,335,252,52,32,6,20,496,15,186,176,268
,60%,55%,69%,61%,64%,60%,57%,59%,71%,61%,59%,60%
,,,A,,,,,,,,,
Somewhat useful (4.0),235,157,68,19,10,3,8,188,4,68,67,100
,22%,26%,19%,22%,20%,30%,23%,22%,19%,22%,22%,22%
,,b,,,,,,,,,,
Useful (3.0),120,77,32,9,3,0,6,99,2,32,42,46
,11%,13%,9%,11%,6%,0%,17%,12%,10%,10%,14%,10%
Not particularly useful (2.0),43,30,9,3,2,1,1,34,0,16,10,17
,4%,5%,2%,4%,4%,10%,3%,4%,0%,5%,3%,4%
Not useful at all (1.0),16,10,5,1,2,0,0,13,0,3,3,10
,2%,2%,1%,1%,4%,0%,0%,2%,0%,1%,1%,2%
Don't know,8,5,1,1,1,0,0,6,0,1,1,6
,1%,1%,*%,1%,2%,0%,0%,1%,0%,*%,*%,1%
Mean,4.36,4.28,4.51,4.4,4.39,4.4,4.34,4.35,4.62,4.37,4.35,4.36
,,,A,,,,,,,,,
Std. dev.,0.9,1,0.9,0.9,1.1,1,0.9,0.9,0.7,0.9,0.9,1
"Columns Tested: A,B - C,D,E,F,G,H - I,J,K",,,,,,,,,,,,
08/11/11                                                                                                                              Page 52,,,,,,,,,,,,
York Consulting – Information to aid learner decisions – November 2010,,,
 ,,,
Q1.11 : How useful : Whether there would be any financial support available to you to pay for the course/programme,,,
Base: All respondents,,,
,,Disability ,
,Total,Yes,No
Sig. Level: 95%,,a,b
Sig. Level: 99%,,A,B
Total,1052,219,800
,100%,100%,100%
Very useful (5.0),630,145,464
,60%,66%,58%
,,b,
Somewhat useful (4.0),235,42,187
,22%,19%,23%
Useful (3.0),120,22,93
,11%,10%,12%
Not particularly useful (2.0),43,5,37
,4%,2%,5%
Not useful at all (1.0),16,3,13
,2%,1%,2%
Don't know,8,2,6
,1%,1%,1%
Mean,4.36,4.48,4.32
,,b,
Std. dev.,0.9,0.9,1
"Columns Tested: A,B",,,
08/11/11                                                                                                                              Page 53,,,
York Consulting – Information to aid learner decisions – November 2010,,,
 ,,,
Q1.11 : How useful : Whether there would be any financial support available to you to pay for the course/programme,,,
Base: All respondents,,,
,,Learning provider ,,,,,,,,,,,,
,Total,State 6th form,State school,Grammar,City academy,Private school,6th form college,FE college,HEI,Workplace,Training centre,Learndirect,Community centre,Other
Sig. Level: 95%,,a,b,c,*d,*e,f,g,*h,i,*j,*k,*l,*m
Sig. Level: 99%,,A,B,C,*D,*E,F,G,*H,I,*J,*K,*L,*M
Total,1052,150,285,68,19,2,157,197,10,95,26,6,8,26
,100%,100%,100%,100%,100%,100%,100%,100%,100%,100%,100%,100%,100%,100%
Very useful (5.0),630,86,155,38,11,2,98,127,6,62,16,3,4,19
,60%,57%,54%,56%,58%,100%,62%,64%,60%,65%,62%,50%,50%,73%
,,,,,,,,b,,,,,,
Somewhat useful (4.0),235,38,71,18,2,0,28,43,4,16,5,3,4,3
,22%,25%,25%,26%,11%,0%,18%,22%,40%,17%,19%,50%,50%,12%
Useful (3.0),120,19,35,8,1,0,22,17,0,10,4,0,0,4
,11%,13%,12%,12%,5%,0%,14%,9%,0%,11%,15%,0%,0%,15%
Not particularly useful (2.0),43,6,14,2,3,0,9,6,0,2,1,0,0,0
,4%,4%,5%,3%,16%,0%,6%,3%,0%,2%,4%,0%,0%,0%
Not useful at all (1.0),16,1,7,1,1,0,0,3,0,3,0,0,0,0
,2%,1%,2%,1%,5%,0%,0%,2%,0%,3%,0%,0%,0%,0%
,,,f,,,,,,,f,,,,
Don't know,8,0,3,1,1,0,0,1,0,2,0,0,0,0
,1%,0%,1%,1%,5%,0%,0%,1%,0%,2%,0%,0%,0%,0%
Mean,4.36,4.35,4.25,4.34,4.06,5,4.37,4.45,4.6,4.42,4.38,4.5,4.5,4.58
,,,,,,,,b,,,,,,
Std. dev.,0.9,0.9,1,0.9,1.4,0,0.9,0.9,0.5,1,0.9,0.5,0.5,0.8
"Columns Tested: A,B,C,D,E,F,G,H,I,J,K,L,M",,,,,,,,,,,,,,
08/11/11                                                                                                                              Page 54,,,,,,,,,,,,,,
York Consulting – Information to aid learner decisions – November 2010,,,,,,,,,,,,,,
 ,,,,,,,,,,,,,,
Q1.12 : How useful : Whether there would be any other costs of undertaking the course/programme (e.g. field or study trips),,,,,,,,,,,,,,
Base: All respondents,,,,,,,,,,,,,,
,,Sample groups ,,,,,Gender ,,Age ,,,,,
,Total,Under 16s,Not white British,Those with a disability,Social grade C2DE,Baseline,Male,Female,Under 16,16 – 18,19 – 25,Over 25,,
Sig. Level: 95%,,a,b,c,d,e,f,g,h,i,j,k,,
Sig. Level: 99%,,A,B,C,D,E,F,G,H,I,J,K
Total,1052,246,253,219,367,296,294,758,246,504,99,203
,100%,100%,100%,100%,100%,100%,100%,100%,100%,100%,100%,100%
Very useful (5.0),491,97,129,121,198,127,137,354,97,218,46,130
,47%,39%,51%,55%,54%,43%,47%,47%,39%,43%,46%,64%
,,,A,AE,AE,,,,,,,HIJ
Somewhat useful (4.0),323,77,75,53,105,98,83,240,77,172,27,47
,31%,31%,30%,24%,29%,33%,28%,32%,31%,34%,27%,23%
,,,,,,c,,,,K,,
Useful (3.0),160,48,34,33,41,45,47,113,48,77,19,16
,15%,20%,13%,15%,11%,15%,16%,15%,20%,15%,19%,8%
,,D,,,,,,,K,K,K,
Not particularly useful (2.0),47,17,8,6,15,14,19,28,17,21,4,5
,4%,7%,3%,3%,4%,5%,6%,4%,7%,4%,4%,2%
,,c,,,,,,,k,,,
Not useful at all (1.0),20,3,7,4,5,8,4,16,3,12,2,3
,2%,1%,3%,2%,1%,3%,1%,2%,1%,2%,2%,1%
Don't know,11,4,0,2,3,4,4,7,4,4,1,2
,1%,2%,0%,1%,1%,1%,1%,1%,2%,1%,1%,1%
,,b,,,,,,,,,,
Mean,4.17,4.02,4.23,4.29,4.31,4.1,4.14,4.18,4.02,4.13,4.13,4.47
,,,a,Ae,AE,,,,,,,HIJ
Std. dev.,1,1,1,1,0.9,1,1,1,1,1,1,0.9
"Columns Tested: A,B,C,D,E - F,G - H,I,J,K",,,,,,,,,,,,
08/11/11                                                                                                                              Page 55,,,,,,,,,,,,
York Consulting – Information to aid learner decisions – November 2010,,,,,,,,,,,,
 ,,,,,,,,,,,,
Q1.12 : How useful : Whether there would be any other costs of undertaking the course/programme (e.g. field or study trips),,,,,,,,,,,,
Base: All respondents,,,,,,,,,,,,
,,Parental social grade ,,Ethnicity ,,,,,,Region ,,
,Total,ABC1,C2DE,Asian or Asian British,Black or Black British,Chinese,Mixed,White,Other,North,Midlands,South
Sig. Level: 95%,,a,b,c,d,*e,f,g,*h,i,j,k
Sig. Level: 99%,,A,B,C,D,*E,F,G,*H,I,J,K
Total,1052,614,367,85,50,10,35,836,21,306,299,447
,100%,100%,100%,100%,100%,100%,100%,100%,100%,100%,100%,100%
Very useful (5.0),491,253,198,44,32,3,14,380,11,134,155,202
,47%,41%,54%,52%,64%,30%,40%,45%,52%,44%,52%,45%
,,,A,,fg,,,,,,i,
Somewhat useful (4.0),323,200,105,23,9,6,14,260,8,101,77,145
,31%,33%,29%,27%,18%,60%,40%,31%,38%,33%,26%,32%
,,,,,,,d,,,,,
Useful (3.0),160,111,41,12,5,0,6,131,2,46,44,70
,15%,18%,11%,14%,10%,0%,17%,16%,10%,15%,15%,16%
,,B,,,,,,,,,,
Not particularly useful (2.0),47,31,15,1,2,1,1,41,0,18,14,15
,4%,5%,4%,1%,4%,10%,3%,5%,0%,6%,5%,3%
Not useful at all (1.0),20,11,5,5,2,0,0,13,0,3,7,10
,2%,2%,1%,6%,4%,0%,0%,2%,0%,1%,2%,2%
,,,,G,,,,,,,,
Don't know,11,8,3,0,0,0,0,11,0,4,2,5
,1%,1%,1%,0%,0%,0%,0%,1%,0%,1%,1%,1%
Mean,4.17,4.08,4.31,4.18,4.34,4.1,4.17,4.16,4.43,4.14,4.21,4.16
,,,A,,,,,,,,,
Std. dev.,1,1,0.9,1.1,1.1,0.9,0.8,1,0.7,1,1,1
"Columns Tested: A,B - C,D,E,F,G,H - I,J,K",,,,,,,,,,,,
08/11/11                                                                                                                              Page 56,,,,,,,,,,,,
York Consulting – Information to aid learner decisions – November 2010,,,,,,,,,,,,
 ,,,,,,,,,,,,
Q1.12 : How useful : Whether there would be any other costs of undertaking the course/programme (e.g. field or study trips),,,,,,,,,,,,
Base: All respondents,,,,,,,,,,,,
,,Disability ,,,,,,,,,,
,Total,Yes,No,,,,,,,,,
Sig. Level: 95%,,a,b,,,,,,,,,
Sig. Level: 99%,,A,B,,,,,,,,,
Total,1052,219,800
,100%,100%,100%
Very useful (5.0),491,121,355
,47%,55%,44%
,,B,
Somewhat useful (4.0),323,53,259
,31%,24%,32%
,,,a
Useful (3.0),160,33,121
,15%,15%,15%
Not particularly useful (2.0),47,6,40
,4%,3%,5%
Not useful at all (1.0),20,4,16
,2%,2%,2%
Don't know,11,2,9
,1%,1%,1%
Mean,4.17,4.29,4.13,,,,,,,,,,,
,,b,,,,,,,,,,,,
Std. dev.,1,1,1,,,,,,,,,,,
"Columns Tested: A,B",,,,,,,,,,,,,,
08/11/11                                                                                                                              Page 57,,,,,,,,,,,,,,
York Consulting – Information to aid learner decisions – November 2010,,,,,,,,,,,,,,
 ,,,,,,,,,,,,,,
Q1.12 : How useful : Whether there would be any other costs of undertaking the course/programme (e.g. field or study trips),,,,,,,,,,,,,,
Base: All respondents,,,,,,,,,,,,,,
,,Learning provider ,,,,,,,,,,,,
,Total,State 6th form,State school,Grammar,City academy,Private school,6th form college,FE college,HEI,Workplace,Training centre,Learndirect,Community centre,Other
Sig. Level: 95%,,a,b,c,*d,*e,f,g,*h,i,*j,*k,*l,*m
Sig. Level: 99%,,A,B,C,*D,*E,F,G,*H,I,*J,*K,*L,*M
Total,1052,150,285,68,19,2,157,197,10,95,26,6,8,26
,100%,100%,100%,100%,100%,100%,100%,100%,100%,100%,100%,100%,100%,100%
Very useful (5.0),491,62,114,24,6,2,77,107,4,51,17,4,4,18
,47%,41%,40%,35%,32%,100%,49%,54%,40%,54%,65%,67%,50%,69%
,,,,,,,,aBC,,bc,,,,
Somewhat useful (4.0),323,50,97,25,6,0,40,61,5,22,4,2,4,5
,31%,33%,34%,37%,32%,0%,25%,31%,50%,23%,15%,33%,50%,19%
,,,i,,,,,,,,,,,
Useful (3.0),160,27,48,15,2,0,27,20,1,14,3,0,0,3
,15%,18%,17%,22%,11%,0%,17%,10%,10%,15%,12%,0%,0%,12%
,,g,g,g,,,,,,,,,,
Not particularly useful (2.0),47,9,14,4,4,0,8,2,0,4,2,0,0,0
,4%,6%,5%,6%,21%,0%,5%,1%,0%,4%,8%,0%,0%,0%
,,G,g,g,,,g,,,,,,,
Not useful at all (1.0),20,1,7,0,1,0,5,4,0,2,0,0,0,0
,2%,1%,2%,0%,5%,0%,3%,2%,0%,2%,0%,0%,0%,0%
Don't know,11,1,5,0,0,0,0,3,0,2,0,0,0,0
,1%,1%,2%,0%,0%,0%,0%,2%,0%,2%,0%,0%,0%,0%
Mean,4.17,4.09,4.06,4.01,3.63,5,4.12,4.37,4.3,4.25,4.38,4.67,4.5,4.58
,,,,,,,,ABCf,,,,,,
Std. dev.,1,0.9,1,0.9,1.3,0,1.1,0.9,0.7,1,1,0.5,0.5,0.7
"Columns Tested: A,B,C,D,E,F,G,H,I,J,K,L,M",,,,,,,,,,,,,,
08/11/11                                                                                                                              Page 58,,,,,,,,,,,,,,
York Consulting – Information to aid learner decisions – November 2010,,,,,,,,,,,,,,
 ,,,,,,,,,,,,,,
"Q1.13 : How useful : A description of the facilities at the provider (e.g. IT, library, crèche/nursery, facilities for religious faiths)",,,,,,,,,,,,,,
Base: All respondents,,,,,,,,,,,,,,
,,Sample groups ,,,,,Gender ,,Age ,,,,,
,Total,Under 16s,Not white British,Those with a disability,Social grade C2DE,Baseline,Male,Female,Under 16,16 – 18,19 – 25,Over 25,,
Sig. Level: 95%,,a,b,c,d,e,f,g,h,i,j,k,,
Sig. Level: 99%,,A,B,C,D,E,F,G,H,I,J,K,,
Total,1052,246,253,219,367,296,294,758,246,504,99,203,,
,100%,100%,100%,100%,100%,100%,100%,100%,100%,100%,100%,100%,,
Very useful (5.0),351,72,99,86,132,82,93,258,72,171,35,73,,
,33%,29%,39%,39%,36%,28%,32%,34%,29%,34%,35%,36%,,
,,,aE,aE,e,,,,,,,
Somewhat useful (4.0),341,92,80,63,111,107,101,240,92,157,29,63
,32%,37%,32%,29%,30%,36%,34%,32%,37%,31%,29%,31%
,,c,,,,,,,,,,
Useful (3.0),254,60,53,48,92,74,71,183,60,119,26,49
,24%,24%,21%,22%,25%,25%,24%,24%,24%,24%,26%,24%
Not particularly useful (2.0),81,14,11,16,26,29,23,58,14,41,8,18
,8%,6%,4%,7%,7%,10%,8%,8%,6%,8%,8%,9%
,,,,,,b,,,,,,
Not useful at all (1.0),17,5,8,3,3,3,4,13,5,11,1,0
,2%,2%,3%,1%,1%,1%,1%,2%,2%,2%,1%,0%
,,,d,,,,,,k,k,,
Don't know,8,3,2,3,3,1,2,6,3,5,0,0
,1%,1%,1%,1%,1%,*%,1%,1%,1%,1%,0%,0%
Mean,3.89,3.87,4,3.99,3.94,3.8,3.88,3.89,3.87,3.87,3.9,3.94
,,,e,e,,,,,,,,
Std. dev.,1,1,1,1,1,1,1,1,1,1,1,1
"Columns Tested: A,B,C,D,E - F,G - H,I,J,K",,,,,,,,,,,,
08/11/11                                                                                                                              Page 59,,,,,,,,,,,,
York Consulting – Information to aid learner decisions – November 2010,,,,,,,,,,,,
 ,,,,,,,,,,,,
"Q1.13 : How useful : A description of the facilities at the provider (e.g. IT, library, crèche/nursery, facilities for religious faiths)",,,,,,,,,,,,
Base: All respondents,,,,,,,,,,,,
,,Parental social grade ,,Ethnicity ,,,,,,Region ,,
,Total,ABC1,C2DE,Asian or Asian British,Black or Black British,Chinese,Mixed,White,Other,North,Midlands,South
Sig. Level: 95%,,a,b,c,d,*e,f,g,*h,i,j,k
Sig. Level: 99%,,A,B,C,D,*E,F,G,*H,I,J,K
Total,1052,614,367,85,50,10,35,836,21,306,299,447
,100%,100%,100%,100%,100%,100%,100%,100%,100%,100%,100%,100%
Very useful (5.0),351,195,132,36,26,1,12,261,11,95,108,148
,33%,32%,36%,42%,52%,10%,34%,31%,52%,31%,36%,33%
,,,,g,G,,,,,,,
Somewhat useful (4.0),341,201,111,28,10,4,13,274,6,103,91,147
,32%,33%,30%,33%,20%,40%,37%,33%,29%,34%,30%,33%
Useful (3.0),254,148,92,15,10,4,6,213,4,79,68,107
,24%,24%,25%,18%,20%,40%,17%,25%,19%,26%,23%,24%
Not particularly useful (2.0),81,53,26,4,1,0,1,73,0,22,28,31
,8%,9%,7%,5%,2%,0%,3%,9%,0%,7%,9%,7%
Not useful at all (1.0),17,13,3,2,2,0,3,9,0,4,3,10
,2%,2%,1%,2%,4%,0%,9%,1%,0%,1%,1%,2%
,,,,,,,G,,,,,
Don't know,8,4,3,0,1,1,0,6,0,3,1,4
,1%,1%,1%,0%,2%,10%,0%,1%,0%,1%,*%,1%
Mean,3.89,3.84,3.94,4.08,4.16,3.67,3.86,3.85,4.33,3.87,3.92,3.88
,,,,g,g,,,,,,,
Std. dev.,1,1,1,1,1.1,0.7,1.2,1,0.8,1,1,1
"Columns Tested: A,B - C,D,E,F,G,H - I,J,K",,,,,,,,,,,,
08/11/11                                                                                                                              Page 60,,,,,,,,,,,,
York Consulting – Information to aid learner decisions – November 2010,,,
 ,,,
"Q1.13 : How useful : A description of the facilities at the provider (e.g. IT, library, crèche/nursery, facilities for religious faiths)",,,
Base: All respondents,,,
,,Disability ,
,Total,Yes,No
Sig. Level: 95%,,a,b
Sig. Level: 99%,,A,B
Total,1052,219,800
,100%,100%,100%
Very useful (5.0),351,86,253
,33%,39%,32%
,,b,
Somewhat useful (4.0),341,63,266
,32%,29%,33%
Useful (3.0),254,48,203
,24%,22%,25%
Not particularly useful (2.0),81,16,61
,8%,7%,8%
Not useful at all (1.0),17,3,12
,2%,1%,2%
Don't know,8,3,5
,1%,1%,1%
Mean,3.89,3.99,3.86
Std. dev.,1,1,1
"Columns Tested: A,B",,,
08/11/11                                                                                                                              Page 61,,,
York Consulting – Information to aid learner decisions – November 2010,,,
 ,,,
"Q1.13 : How useful : A description of the facilities at the provider (e.g. IT, library, crèche/nursery, facilities for religious faiths)",,,
Base: All respondents,,,
,,Learning provider ,
,Total,State 6th form,State school,Grammar,City academy,Private school,6th form college,FE college,HEI,Workplace,Training centre,Learndirect,Community centre,Other
Sig. Level: 95%,,a,b,c,*d,*e,f,g,*h,i,*j,*k,*l,*m
Sig. Level: 99%,,A,B,C,*D,*E,F,G,*H,I,*J,*K,*L,*M
Total,1052,150,285,68,19,2,157,197,10,95,26,6,8,26
,100%,100%,100%,100%,100%,100%,100%,100%,100%,100%,100%,100%,100%,100%
Very useful (5.0),351,47,83,23,3,1,58,77,5,27,10,3,3,10
,33%,31%,29%,34%,16%,50%,37%,39%,50%,28%,38%,50%,38%,38%
,,,,,,,,b,,,,,,
Somewhat useful (4.0),341,47,105,18,6,1,51,62,2,28,8,2,4,7
,32%,31%,37%,26%,32%,50%,32%,31%,20%,29%,31%,33%,50%,27%
Useful (3.0),254,39,72,20,5,0,29,41,2,32,6,1,1,6
,24%,26%,25%,29%,26%,0%,18%,21%,20%,34%,23%,17%,13%,23%
,,,,,,,,,,Fg,,,,
Not particularly useful (2.0),81,13,19,4,2,0,14,13,1,8,2,0,0,3
,8%,9%,7%,6%,11%,0%,9%,7%,10%,8%,8%,0%,0%,12%
Not useful at all (1.0),17,3,3,3,3,0,2,3,0,0,0,0,0,0
,2%,2%,1%,4%,16%,0%,1%,2%,0%,0%,0%,0%,0%,0%
,,,,i,,,,,,,,,,
Don't know,8,1,3,0,0,0,3,1,0,0,0,0,0,0
,1%,1%,1%,0%,0%,0%,2%,1%,0%,0%,0%,0%,0%,0%
Mean,3.89,3.82,3.87,3.79,3.21,4.5,3.97,4.01,4.1,3.78,4,4.33,4.25,3.92
Std. dev.,1,1,0.9,1.1,1.3,0.7,1,1,1.1,1,1,0.8,0.7,1.1
"Columns Tested: A,B,C,D,E,F,G,H,I,J,K,L,M",,,,,,,,,,,,,,
08/11/11                                                                                                                              Page 62,,,,,,,,,,,,,,
York Consulting – Information to aid learner decisions – November 2010,,,,,,,,,,,,,,
 ,,,,,,,,,,,,,,
Q2 Summary : We are interested in how useful it would be to you to know about the reputation of the course/programme and the provider when,,,,,,,,,,,,,,
making a decision about where to study.,,,,,,,,,,,,,,
Please rate how useful you would find the following information:,,,,,,,,,,,,,,
Base: All respondents,,,,,,,,,,,,,,
,SUMMARY,,,,,,,,,,,,,
,Reputation of the college/ provider (from relatives/friends),Reputation of the course/programme (from relatives/friends),Proportion of previous learners that were satisfied with the course/programme,Proportion of previous learners that were satisfied with the provider,,,,,,,,,,
Sig. Level: 95%,a,b,c,d
Sig. Level: 99%,A,B,C,D
Total,1052,1052,1052,1052
,100%,100%,100%,100%
Very useful (5.0),356,334,382,346
,34%,32%,36%,33%
,,,b,
Somewhat useful (4.0),411,418,389,404
,39%,40%,37%,38%
Useful (3.0),212,224,215,225
,20%,21%,20%,21%
Not particularly useful (2.0),59,61,46,58
,6%,6%,4%,6%
Not useful at all (1.0),7,5,7,6
,1%,*%,1%,1%
Don't know,7,10,13,13
,1%,1%,1%,1%,
Mean,4,3.97,4.05,3.99,
,,,b,,
Std. dev.,0.9,0.9,0.9,0.9,
"Columns Tested: A,B,C,D",,,,,
08/11/11                                                                                                                              Page 63,,,,,
York Consulting – Information to aid learner decisions – November 2010,,,,,
 ,,,,,
Q2 Summary : We are interested in how useful it would be to you to know about the reputation of the course/programme and the provider when,,,,,
making a decision about where to study.,,,,,
Please rate how useful you would find the following information:,,,,,
Base: All respondents,,,,,

,Proportion of previous learners that were satisfied with the standard of teaching,Proportion of previous learners that were satisfied with feedback on work that they had received from tutors/teachers,"Rating of the quality of the teaching (e.g. Ofsted, inspection results)",Proportion of previous learners that were satisfied with the support and guidance they had received,A description of the benefits that the course could provide for the learner (e.g. the types of skills and experience that could be gained)
Sig. Level: 95%,a,b,c,d,e
Sig. Level: 99%,A,B,C,D,E
Total,1052,1052,1052,1052,1052
,100%,100%,100%,100%,100%
Very useful (5.0),450,310,384,360,479
,43%,29%,37%,34%,46%
,BCD,,B,b,BCD
Somewhat useful (4.0),353,403,330,404,324
,34%,38%,31%,38%,31%
,,aCE,,aCE,
Useful (3.0),185,241,223,212,183
,18%,23%,21%,20%,17%
,,AE,ae,,
Not particularly useful (2.0),44,66,77,52,43
,4%,6%,7%,5%,4%
,,ae,AdE,,
Not useful at all (1.0),8,19,25,12,14
,1%,2%,2%,1%,1%
,,a,Ad,,,,,,,,,
Don't know,12,13,13,12,9,,,,,,,
,1%,1%,1%,1%,1%,,,,,,,
Mean,4.15,3.88,3.93,4.01,4.16,,,,,,,
,BCD,,,B,BCD,,,,,,,
Std. dev.,0.9,1,1,0.9,0.9,,,,,,,
"Columns Tested: A,B,C,D,E",,,,,,,,,,,,
08/11/11                                                                                                                              Page 64,,,,,,,,,,,,
York Consulting – Information to aid learner decisions – November 2010,,,,,,,,,,,,
 ,,,,,,,,,,,,
Q2a : Which did you find the most useful?,,,,,,,,,,,,
Base: All those who said that at least one of the items from the list was useful,,,,,,,,,,,,
,,Sample groups ,,,,,Gender ,,Age ,,,
,Total,Under 16s,Not white British,Those with a disability,Social grade C2DE,Baseline,Male,Female,Under 16,16 – 18,19 – 25,Over 25
Sig. Level: 95%,,a,b,c,d,e,f,g,h,i,j,k
Sig. Level: 99%,,A,B,C,D,E,F,G,H,I,J,K
Total,1044,242,251,217,363,295,290,754,242,500,99,203
,100%,100%,100%,100%,100%,100%,100%,100%,100%,100%,100%,100%
Reputation of the college/ provider (from relatives/friends),223,48,58,48,68,68,59,164,48,107,27,41
,21%,20%,23%,22%,19%,23%,20%,22%,20%,21%,27%,20%
A description of the benefits that the course could provide for the learner (e.g. the types of skills and experience that could be gained),184,37,50,39,82,39,52,132,37,82,15,50
,18%,15%,20%,18%,23%,13%,18%,18%,15%,16%,15%,25%
,,,e,,aE,,,,,,,hi
Proportion of previous learners that were satisfied with the course/programme,150,42,35,29,39,50,38,112,42,73,12,23
,14%,17%,14%,13%,11%,17%,13%,15%,17%,15%,12%,11%
,,d,,,,d,,,,,,
Reputation of the course/programme (from relatives/friends),144,32,22,25,43,48,42,102,32,70,15,27
,14%,13%,9%,12%,12%,16%,14%,14%,13%,14%,15%,13%
,,,,,,B,,,,,,
"Rating of the quality of the teaching (e.g. Ofsted, inspection results)",137,36,37,30,56,33,37,100,36,73,10,18
,13%,15%,15%,14%,15%,11%,13%,13%,15%,15%,10%,9%
,,,,,,,,,,k,,
Proportion of previous learners that were satisfied with the standard of teaching,89,26,25,19,31,20,25,64,26,40,8,15
,9%,11%,10%,9%,9%,7%,9%,8%,11%,8%,8%,7%
Proportion of previous learners that were satisfied with the support and guidance they had received,42,5,9,10,19,13,7,35,5,18,4,15
,4%,2%,4%,5%,5%,4%,2%,5%,2%,4%,4%,7%
,,,,,,,,,,,,Hi
Proportion of previous learners that were satisfied with the provider,40,7,10,9,12,15,13,27,7,23,3,7
,4%,3%,4%,4%,3%,5%,4%,4%,3%,5%,3%,3%
Proportion of previous learners that were satisfied with feedback on work that they had received from tutors/teachers,35,9,5,8,13,9,17,18,9,14,5,7
,3%,4%,2%,4%,4%,3%,6%,2%,4%,3%,5%,3%
,,,,,,,G,,,,,
"Columns Tested: A,B,C,D,E - F,G - H,I,J,K",,,,,,,,,,,,
08/11/11                                                                                                                              Page 65,,,,,,,,,,,,
York Consulting – Information to aid learner decisions – November 2010,,,,,,,,,,,,
 ,,,,,,,,,,,,
Q2a : Which did you find the most useful?,,,,,,,,,,,,
Base: All those who said that at least one of the items from the list was useful,,,,,,,,,,,,
,,Parental social grade ,,Ethnicity ,,,,,,Region ,,
,Total,ABC1,C2DE,Asian or Asian British,Black or Black British,Chinese,Mixed,White,Other,North,Midlands,South
Sig. Level: 95%,,a,b,c,d,*e,f,g,*h,i,j,k
Sig. Level: 99%,,A,B,C,D,*E,F,G,*H,I,J,K
Total,1044,610,363,84,49,10,35,830,21,303,298,443
,100%,100%,100%,100%,100%,100%,100%,100%,100%,100%,100%,100%
Reputation of the college/ provider (from relatives/friends),223,139,68,22,12,0,6,175,6,67,73,83
,21%,23%,19%,26%,24%,0%,17%,21%,29%,22%,24%,19%
A description of the benefits that the course could provide for the learner (e.g. the types of skills and experience that could be gained),184,86,82,17,11,3,8,138,6,58,50,76
,18%,14%,23%,20%,22%,30%,23%,17%,29%,19%,17%,17%
,,,A,,,,,,,,,
Proportion of previous learners that were satisfied with the course/programme,150,107,39,8,6,3,5,122,3,40,45,65
,14%,18%,11%,10%,12%,30%,14%,15%,14%,13%,15%,15%
,,B,,,,,,,,,,
Reputation of the course/programme (from relatives/friends),144,92,43,6,4,1,4,126,1,40,43,61
,14%,15%,12%,7%,8%,10%,11%,15%,5%,13%,14%,14%
,,,,,,,,c,,,,
"Rating of the quality of the teaching (e.g. Ofsted, inspection results)",137,67,56,16,8,1,3,105,2,35,41,61
,13%,11%,15%,19%,16%,10%,9%,13%,10%,12%,14%,14%
,,,a,,,,,,,,,
Proportion of previous learners that were satisfied with the standard of teaching,89,54,31,7,6,2,3,68,1,29,20,40
,9%,9%,9%,8%,12%,20%,9%,8%,5%,10%,7%,9%
Proportion of previous learners that were satisfied with the support and guidance they had received,42,19,19,4,0,0,0,34,2,13,9,20
,4%,3%,5%,5%,0%,0%,0%,4%,10%,4%,3%,5%
Proportion of previous learners that were satisfied with the provider,40,25,12,4,0,0,4,31,0,9,7,24
,4%,4%,3%,5%,0%,0%,11%,4%,0%,3%,2%,5%
,,,,,,,dg,,,,,j
Proportion of previous learners that were satisfied with feedback on work that they had received from tutors/teachers,35,21,13,0,2,0,2,31,0,12,10,13
,3%,3%,4%,0%,4%,0%,6%,4%,0%,4%,3%,3%
,,,,,,,c,,,,,
"Columns Tested: A,B - C,D,E,F,G,H - I,J,K",,,,,,,,,,,,
08/11/11                                                                                                                              Page 66,,,,,,,,,,,,
York Consulting – Information to aid learner decisions – November 2010,,,
 ,,,
Q2a : Which did you find the most useful?,,,
Base: All those who said that at least one of the items from the list was useful,,,
,,Disability ,
,Total,Yes,No
Sig. Level: 95%,,a,b
Sig. Level: 99%,,A,B
Total,1044,217,794
,100%,100%,100%
Reputation of the college/ provider (from relatives/friends),223,48,168
,21%,22%,21%
A description of the benefits that the course could provide for the learner (e.g. the types of skills and experience that could be gained),184,39,138
,18%,18%,17%
Proportion of previous learners that were satisfied with the course/programme,150,29,119
,14%,13%,15%
Reputation of the course/programme (from relatives/friends),144,25,114
,14%,12%,14%
"Rating of the quality of the teaching (e.g. Ofsted, inspection results)",137,30,103
,13%,14%,13%
Proportion of previous learners that were satisfied with the standard of teaching,89,19,68
,9%,9%,9%
Proportion of previous learners that were satisfied with the support and guidance they had received,42,10,30
,4%,5%,4%
Proportion of previous learners that were satisfied with the provider,40,9,29
,4%,4%,4%
Proportion of previous learners that were satisfied with feedback on work that they had received from tutors/teachers,35,8,25
,3%,4%,3%
"Columns Tested: A,B",,,
08/11/11                                                                                                                              Page 67,,,
York Consulting – Information to aid learner decisions – November 2010,,,
 ,,,
Q2a : Which did you find the most useful?,,,,,,,,,,,,,,
Base: All those who said that at least one of the items from the list was useful,,,,,,,,,,,,,,
,,Learning provider ,,,,,,,,,,,,
,Total,State 6th form,State school,Grammar,City academy,Private school,6th form college,FE college,HEI,Workplace,Training centre,Learndirect,Community centre,Other
Sig. Level: 95%,,a,b,c,*d,*e,f,g,*h,i,*j,*k,*l,*m
Sig. Level: 99%,,A,B,C,*D,*E,F,G,*H,I,*J,*K,*L,*M
Total,1044,148,282,68,18,2,157,196,10,95,25,6,8,26
,100%,100%,100%,100%,100%,100%,100%,100%,100%,100%,100%,100%,100%,100%
Reputation of the college/ provider (from relatives/friends),223,25,60,11,6,1,36,49,2,21,5,0,2,4
,21%,17%,21%,16%,33%,50%,23%,25%,20%,22%,20%,0%,25%,15%
A description of the benefits that the course could provide for the learner (e.g. the types of skills and experience that could be gained),184,19,42,10,2,0,32,41,0,24,4,2,1,7
,18%,13%,15%,15%,11%,0%,20%,21%,0%,25%,16%,33%,13%,27%
,,,,,,,,,,ab,,,,
Proportion of previous learners that were satisfied with the course/programme,150,30,46,10,2,0,26,20,0,5,4,3,1,2
,14%,20%,16%,15%,11%,0%,17%,10%,0%,5%,16%,50%,13%,8%
,,GI,I,i,,,I,,,,,,,
Reputation of the course/programme (from relatives/friends),144,20,36,13,4,0,17,33,4,10,4,1,0,2
,14%,14%,13%,19%,22%,0%,11%,17%,40%,11%,16%,17%,0%,8%
"Rating of the quality of the teaching (e.g. Ofsted, inspection results)",137,24,39,8,2,1,20,19,1,11,4,0,3,5
,13%,16%,14%,12%,11%,50%,13%,10%,10%,12%,16%,0%,38%,19%
Proportion of previous learners that were satisfied with the standard of teaching,89,16,33,7,0,0,7,11,3,8,2,0,0,2
,9%,11%,12%,10%,0%,0%,4%,6%,30%,8%,8%,0%,0%,8%
,,f,fg,,,,,,,,,,,
Proportion of previous learners that were satisfied with the support and guidance they had received,42,6,9,3,0,0,4,8,0,8,1,0,0,2
,4%,4%,3%,4%,0%,0%,3%,4%,0%,8%,4%,0%,0%,8%
,,,,,,,,,,bf,,,,
Proportion of previous learners that were satisfied with the provider,40,4,12,4,1,0,6,6,0,6,0,0,1,0
,4%,3%,4%,6%,6%,0%,4%,3%,0%,6%,0%,0%,13%,0%
Proportion of previous learners that were satisfied with feedback on work that they had received from tutors/teachers,35,4,5,2,1,0,9,9,0,2,1,0,0,2
,3%,3%,2%,3%,6%,0%,6%,5%,0%,2%,4%,0%,0%,8%
,,,,,,,b,,,,,,,
"Columns Tested: A,B,C,D,E,F,G,H,I,J,K,L,M",,,,,,,,,,,,,,
08/11/11                                                                                                                              Page 68,,,,,,,,,,,,
York Consulting – Information to aid learner decisions – November 2010,,,,,,,,,,,,
 ,,,,,,,,,,,,
Q2.2 : How useful : Reputation of the college/ provider (from relatives/friends),,,,,,,,,,,,
Base: All respondents,,,,,,,,,,,,
,,Sample groups ,,,,,Gender ,,Age ,,,
,Total,Under 16s,Not white British,Those with a disability,Social grade C2DE,Baseline,Male,Female,Under 16,16 – 18,19 – 25,Over 25
Sig. Level: 95%,,a,b,c,d,e,f,g,h,i,j,k
Sig. Level: 99%,,A,B,C,D,E,F,G,H,I,J,K
Total,1052,246,253,219,367,296,294,758,246,504,99,203
,100%,100%,100%,100%,100%,100%,100%,100%,100%,100%,100%,100%
Very useful (5.0),356,82,97,78,117,91,102,254,82,165,35,74
,34%,33%,38%,36%,32%,31%,35%,34%,33%,33%,35%,36%
Somewhat useful (4.0),411,92,84,87,135,135,103,308,92,207,37,75
,39%,37%,33%,40%,37%,46%,35%,41%,37%,41%,37%,37%
,,,,,,Bd,,,,,,
Useful (3.0),212,49,57,39,84,52,61,151,49,95,23,45
,20%,20%,23%,18%,23%,18%,21%,20%,20%,19%,23%,22%
Not particularly useful (2.0),59,17,12,12,26,15,23,36,17,29,4,9
,6%,7%,5%,5%,7%,5%,8%,5%,7%,6%,4%,4%
Not useful at all (1.0),7,2,2,2,5,0,2,5,2,5,0,0
,1%,1%,1%,1%,1%,0%,1%,1%,1%,1%,0%,0%
,,,,,e,,,,,,,
Don't know,7,4,1,1,0,3,3,4,4,3,0,0
,1%,2%,*%,*%,0%,1%,1%,1%,2%,1%,0%,0%
,,d,,,,,,,,,,
Mean,4,3.97,4.04,4.04,3.91,4.03,3.96,4.02,3.97,3.99,4.04,4.05
Std. dev.,0.9,0.9,0.9,0.9,1,0.8,1,0.9,0.9,0.9,0.9,0.9
"Columns Tested: A,B,C,D,E - F,G - H,I,J,K",,,,,,,,,,,,
08/11/11                                                                                                                              Page 69,,,,,,,,,,,,
York Consulting – Information to aid learner decisions – November 2010,,,,,,,,,,,,
 ,,,,,,,,,,,,
Q2.2 : How useful : Reputation of the college/ provider (from relatives/friends),,,,,,,,,,,,
Base: All respondents,,,,,,,,,,,,
,,Parental social grade ,,Ethnicity ,,,,,,Region ,,
,Total,ABC1,C2DE,Asian or Asian British,Black or Black British,Chinese,Mixed,White,Other,North,Midlands,South
Sig. Level: 95%,,a,b,c,d,*e,f,g,*h,i,j,k
Sig. Level: 99%,,A,B,C,D,*E,F,G,*H,I,J,K
Total,1052,614,367,85,50,10,35,836,21,306,299,447
,100%,100%,100%,100%,100%,100%,100%,100%,100%,100%,100%,100%
Very useful (5.0),356,218,117,37,23,4,12,271,7,104,114,138
,34%,36%,32%,44%,46%,40%,34%,32%,33%,34%,38%,31%
,,,,g,g,,,,,,k,
Somewhat useful (4.0),411,244,135,23,17,3,9,346,6,116,117,178
,39%,40%,37%,27%,34%,30%,26%,41%,29%,38%,39%,40%
,,,,,,,,c,,,,
Useful (3.0),212,116,84,22,5,3,11,161,6,64,54,94
,20%,19%,23%,26%,10%,30%,31%,19%,29%,21%,18%,21%
,,,,d,,,d,,,,,
Not particularly useful (2.0),59,27,26,3,4,0,2,47,2,20,11,28
,6%,4%,7%,4%,8%,0%,6%,6%,10%,7%,4%,6%
Not useful at all (1.0),7,2,5,0,1,0,1,5,0,1,2,4
,1%,*%,1%,0%,2%,0%,3%,1%,0%,*%,1%,1%
Don't know,7,7,0,0,0,0,0,6,0,1,1,5
,1%,1%,0%,0%,0%,0%,0%,1%,0%,*%,*%,1%
,,b,,,,,,,,,,
Mean,4,4.07,3.91,4.11,4.14,4.1,3.83,4,3.86,3.99,4.11,3.95
,,B,,,,,,,,,k,
Std. dev.,0.9,0.9,1,0.9,1,0.9,1.1,0.9,1,0.9,0.9,0.9
"Columns Tested: A,B - C,D,E,F,G,H - I,J,K",,,,,,,,,,,,
08/11/11                                                                                                                              Page 70,,,,,,,,,,,,
York Consulting – Information to aid learner decisions – November 2010,,,,,,,,,,,,
 ,,,,,,,,,,,,
Q2.2 : How useful : Reputation of the college/ provider (from relatives/friends),,,,,,,,,,,,
Base: All respondents,,,
,,Disability ,
,Total,Yes,No
Sig. Level: 95%,,a,b
Sig. Level: 99%,,A,B
Total,1052,219,800
,100%,100%,100%
Very useful (5.0),356,78,267
,34%,36%,33%
Somewhat useful (4.0),411,87,313
,39%,40%,39%
Useful (3.0),212,39,163
,20%,18%,20%
Not particularly useful (2.0),59,12,46
,6%,5%,6%
Not useful at all (1.0),7,2,5
,1%,1%,1%,,,,,,,,,,,
Don't know,7,1,6,,,,,,,,,,,
,1%,*%,1%,,,,,,,,,,,
Mean,4,4.04,4,,,,,,,,,,,
Std. dev.,0.9,0.9,0.9,,,,,,,,,,,
"Columns Tested: A,B",,,,,,,,,,,,,,
08/11/11                                                                                                                              Page 71,,,,,,,,,,,,,,
York Consulting – Information to aid learner decisions – November 2010,,,,,,,,,,,,,,
 ,,,,,,,,,,,,,,
Q2.2 : How useful : Reputation of the college/ provider (from relatives/friends),,,,,,,,,,,,,,
Base: All respondents,,,,,,,,,,,,,,
,,Learning provider ,,,,,,,,,,,,
,Total,State 6th form,State school,Grammar,City academy,Private school,6th form college,FE college,HEI,Workplace,Training centre,Learndirect,Community centre,Other
Sig. Level: 95%,,a,b,c,*d,*e,f,g,*h,i,*j,*k,*l,*m
Sig. Level: 99%,,A,B,C,*D,*E,F,G,*H,I,*J,*K,*L,*M
Total,1052,150,285,68,19,2,157,197,10,95,26,6,8,26
,100%,100%,100%,100%,100%,100%,100%,100%,100%,100%,100%,100%,100%,100%
Very useful (5.0),356,54,89,24,10,1,44,74,5,31,9,1,5,8
,34%,36%,31%,35%,53%,50%,28%,38%,50%,33%,35%,17%,63%,31%
Somewhat useful (4.0),411,49,118,29,4,1,70,73,4,34,12,4,3,10
,39%,33%,41%,43%,21%,50%,45%,37%,40%,36%,46%,67%,38%,38%
,,,,,,,a,,,,,,,
Useful (3.0),212,41,49,12,1,0,33,37,1,27,3,1,0,5
,20%,27%,17%,18%,5%,0%,21%,19%,10%,28%,12%,17%,0%,19%
,,b,,,,,,,,b,,,,
Not particularly useful (2.0),59,4,21,3,4,0,10,10,0,3,1,0,0,3
,6%,3%,7%,4%,21%,0%,6%,5%,0%,3%,4%,0%,0%,12%
,,,a,,,,,,,,,,,
Not useful at all (1.0),7,0,5,0,0,0,0,1,0,0,1,0,0,0
,1%,0%,2%,0%,0%,0%,0%,1%,0%,0%,4%,0%,0%,0%
Don't know,7,2,3,0,0,0,0,2,0,0,0,0,0,0
,1%,1%,1%,0%,0%,0%,0%,1%,0%,0%,0%,0%,0%,0%
Mean,4,4.03,3.94,4.09,4.05,4.5,3.94,4.07,4.4,3.98,4.04,4,4.63,3.88
Std. dev.,0.9,0.9,1,0.8,1.2,0.7,0.9,0.9,0.7,0.9,1,0.6,0.5,1
"Columns Tested: A,B,C,D,E,F,G,H,I,J,K,L,M",,,,,,,,,,,,,,
08/11/11                                                                                                                              Page 72,,,,,,,,,,,,,,
York Consulting – Information to aid learner decisions – November 2010,,,,,,,,,,,,,,
 ,,,,,,,,,,,,,,
Q2.3 : How useful : Reputation of the course/programme (from relatives/friends),,,,,,,,,,,,,,
Base: All respondents,,,,,,,,,,,,,,
,,Sample groups ,,,,,Gender ,,Age ,,,,,
,Total,Under 16s,Not white British,Those with a disability,Social grade C2DE,Baseline,Male,Female,Under 16,16 – 18,19 – 25,Over 25,,
Sig. Level: 95%,,a,b,c,d,e,f,g,h,i,j,k,,
Sig. Level: 99%,,A,B,C,D,E,F,G,H,I,J,K,,
Total,1052,246,253,219,367,296,294,758,246,504,99,203,,
,100%,100%,100%,100%,100%,100%,100%,100%,100%,100%,100%,100%,,
Very useful (5.0),334,81,74,77,104,93,89,245,81,155,32,66,,
,32%,33%,29%,35%,28%,31%,30%,32%,33%,31%,32%,33%,,
Somewhat useful (4.0),418,100,108,84,145,119,110,308,100,199,44,75
,40%,41%,43%,38%,40%,40%,37%,41%,41%,39%,44%,37%
Useful (3.0),224,51,57,46,86,58,64,160,51,106,21,46
,21%,21%,23%,21%,23%,20%,22%,21%,21%,21%,21%,23%
Not particularly useful (2.0),61,11,12,9,28,19,24,37,11,35,2,13
,6%,4%,5%,4%,8%,6%,8%,5%,4%,7%,2%,6%
,,,,,,,g,,,,,
Not useful at all (1.0),5,0,2,1,4,1,2,3,0,3,0,2
,*%,0%,1%,*%,1%,*%,1%,*%,0%,1%,0%,1%
Don't know,10,3,0,2,0,6,5,5,3,6,0,1
,1%,1%,0%,1%,0%,2%,2%,1%,1%,1%,0%,*%
,,d,,,,bD,,,,,,
Mean,3.97,4.03,3.95,4.05,3.86,3.98,3.9,4,4.03,3.94,4.07,3.94
,,d,,d,,,,,,,,
Std. dev.,0.9,0.9,0.9,0.9,1,0.9,1,0.9,0.9,0.9,0.8,0.9
"Columns Tested: A,B,C,D,E - F,G - H,I,J,K",,,,,,,,,,,,
08/11/11                                                                                                                              Page 73,,,,,,,,,,,,
York Consulting – Information to aid learner decisions – November 2010,,,,,,,,,,,,
 ,,,,,,,,,,,,
Q2.3 : How useful : Reputation of the course/programme (from relatives/friends),,,,,,,,,,,,
Base: All respondents,,,,,,,,,,,,
,,Parental social grade ,,Ethnicity ,,,,,,Region ,,
,Total,ABC1,C2DE,Asian or Asian British,Black or Black British,Chinese,Mixed,White,Other,North,Midlands,South
Sig. Level: 95%,,a,b,c,d,*e,f,g,*h,i,j,k
Sig. Level: 99%,,A,B,C,D,*E,F,G,*H,I,J,K
Total,1052,614,367,85,50,10,35,836,21,306,299,447
,100%,100%,100%,100%,100%,100%,100%,100%,100%,100%,100%,100%
Very useful (5.0),334,212,104,27,18,3,9,272,4,102,102,130
,32%,35%,28%,32%,36%,30%,26%,33%,19%,33%,34%,29%
,,b,,,,,,,,,,
Somewhat useful (4.0),418,241,145,36,21,4,14,327,8,110,121,187
,40%,39%,40%,42%,42%,40%,40%,39%,38%,36%,40%,42%
Useful (3.0),224,125,86,20,7,3,8,173,8,69,58,97
,21%,20%,23%,24%,14%,30%,23%,21%,38%,23%,19%,22%
Not particularly useful (2.0),61,27,28,2,3,0,3,51,1,23,12,26
,6%,4%,8%,2%,6%,0%,9%,6%,5%,8%,4%,6%
,,,a,,,,,,,,,
Not useful at all (1.0),5,1,4,0,1,0,1,3,0,0,2,3
,*%,*%,1%,0%,2%,0%,3%,*%,0%,0%,1%,1%
,,,a,,,,g,,,,,
Don't know,10,8,0,0,0,0,0,10,0,2,4,4
,1%,1%,0%,0%,0%,0%,0%,1%,0%,1%,1%,1%
,,b,,,,,,,,,,
Mean,3.97,4.05,3.86,4.04,4.04,4,3.77,3.99,3.71,3.96,4.05,3.94
,,B,,,,,,,,,,
Std. dev.,0.9,0.9,1,0.8,1,0.8,1,0.9,0.8,0.9,0.9,0.9
"Columns Tested: A,B - C,D,E,F,G,H - I,J,K",,,,,,,,,,,,
08/11/11                                                                                                                              Page 74,,,,,,,,,,,,
York Consulting – Information to aid learner decisions – November 2010,,,
 ,,,
Q2.3 : How useful : Reputation of the course/programme (from relatives/friends),,,
Base: All respondents,,,
,,Disability ,
,Total,Yes,No
Sig. Level: 95%,,a,b
Sig. Level: 99%,,A,B
Total,1052,219,800
,100%,100%,100%
Very useful (5.0),334,77,245
,32%,35%,31%
Somewhat useful (4.0),418,84,323
,40%,38%,40%
Useful (3.0),224,46,169
,21%,21%,21%
Not particularly useful (2.0),61,9,51,,,,,,,,,,,
,6%,4%,6%,,,,,,,,,,,
Not useful at all (1.0),5,1,4,,,,,,,,,,,
,*%,*%,1%,,,,,,,,,,,
Don't know,10,2,8,,,,,,,,,,,
,1%,1%,1%,,,,,,,,,,,
Mean,3.97,4.05,3.95,,,,,,,,,,,
Std. dev.,0.9,0.9,0.9,,,,,,,,,,,
"Columns Tested: A,B",,,,,,,,,,,,,,
08/11/11                                                                                                                              Page 75,,,,,,,,,,,,,,
York Consulting – Information to aid learner decisions – November 2010,,,,,,,,,,,,,,
 ,,,,,,,,,,,,,,
Q2.3 : How useful : Reputation of the course/programme (from relatives/friends),,,,,,,,,,,,,,
Base: All respondents,,,,,,,,,,,,,,
,,Learning provider ,,,,,,,,,,,,
,Total,State 6th form,State school,Grammar,City academy,Private school,6th form college,FE college,HEI,Workplace,Training centre,Learndirect,Community centre,Other
Sig. Level: 95%,,a,b,c,*d,*e,f,g,*h,i,*j,*k,*l,*m
Sig. Level: 99%,,A,B,C,*D,*E,F,G,*H,I,*J,*K,*L,*M
Total,1052,150,285,68,19,2,157,197,10,95,26,6,8,26
,100%,100%,100%,100%,100%,100%,100%,100%,100%,100%,100%,100%,100%,100%
Very useful (5.0),334,51,82,26,8,1,40,69,5,27,9,1,5,10
,32%,34%,29%,38%,42%,50%,25%,35%,50%,28%,35%,17%,63%,38%
Somewhat useful (4.0),418,55,127,28,5,1,63,73,3,40,10,3,3,6
,40%,37%,45%,41%,26%,50%,40%,37%,30%,42%,38%,50%,38%,23%
Useful (3.0),224,38,57,11,1,0,39,41,2,21,5,2,0,5
,21%,25%,20%,16%,5%,0%,25%,21%,20%,22%,19%,33%,0%,19%
Not particularly useful (2.0),61,3,16,3,4,0,14,10,0,5,1,0,0,5
,6%,2%,6%,4%,21%,0%,9%,5%,0%,5%,4%,0%,0%,19%
,,,,,,,A,,,,,,,
Not useful at all (1.0),5,0,1,0,0,0,0,1,0,2,1,0,0,0
,*%,0%,*%,0%,0%,0%,0%,1%,0%,2%,4%,0%,0%,0%
Don't know,10,3,2,0,1,0,1,3,0,0,0,0,0,0
,1%,2%,1%,0%,5%,0%,1%,2%,0%,0%,0%,0%,0%,0%
Mean,3.97,4.05,3.96,4.13,3.94,4.5,3.83,4.03,4.3,3.89,3.96,3.83,4.63,3.81
,,f,,f,,,,f,,,,,,
Std. dev.,0.9,0.8,0.9,0.8,1.2,0.7,0.9,0.9,0.8,1,1,0.8,0.5,1.2
"Columns Tested: A,B,C,D,E,F,G,H,I,J,K,L,M",,,,,,,,,,,,,,
08/11/11                                                                                                                              Page 76,,,,,,,,,,,,,,
York Consulting – Information to aid learner decisions – November 2010,,,,,,,,,,,,,,
 ,,,,,,,,,,,,,,
Q2.4 : How useful : Proportion of previous learners that were satisfied with the course/programme,,,,,,,,,,,,,,
Base: All respondents,,,,,,,,,,,,,,
,,Sample groups ,,,,,Gender ,,Age ,,,,,
,Total,Under 16s,Not white British,Those with a disability,Social grade C2DE,Baseline,Male,Female,Under 16,16 – 18,19 – 25,Over 25,,
Sig. Level: 95%,,a,b,c,d,e,f,g,h,i,j,k,,
Sig. Level: 99%,,A,B,C,D,E,F,G,H,I,J,K,,
Total,1052,246,253,219,367,296,294,758,246,504,99,203,,
,100%,100%,100%,100%,100%,100%,100%,100%,100%,100%,100%,100%,,
Very useful (5.0),382,98,99,83,130,97,97,285,98,173,36,75
,36%,40%,39%,38%,35%,33%,33%,38%,40%,34%,36%,37%
Somewhat useful (4.0),389,77,93,78,123,129,106,283,77,196,41,75
,37%,31%,37%,36%,34%,44%,36%,37%,31%,39%,41%,37%
,,,,,,AD,,,,h,,
Useful (3.0),215,51,47,43,89,53,67,148,51,104,19,41
,20%,21%,19%,20%,24%,18%,23%,20%,21%,21%,19%,20%
,,,,,e,,,,,,,
Not particularly useful (2.0),46,13,9,11,19,12,17,29,13,20,2,11
,4%,5%,4%,5%,5%,4%,6%,4%,5%,4%,2%,5%
Not useful at all (1.0),7,0,2,2,5,1,2,5,0,6,1,0
,1%,0%,1%,1%,1%,*%,1%,1%,0%,1%,1%,0%
Don't know,13,7,3,2,1,4,5,8,7,5,0,1
,1%,3%,1%,1%,*%,1%,2%,1%,3%,1%,0%,*%
,,D,,,,,,,,,,
Mean,4.05,4.09,4.11,4.06,3.97,4.06,3.97,4.09,4.09,4.02,4.1,4.06
Std. dev.,0.9,0.9,0.9,0.9,1,0.8,0.9,0.9,0.9,0.9,0.9,0.9
"Columns Tested: A,B,C,D,E - F,G - H,I,J,K",,,,,,,,,,,,
08/11/11                                                                                                                              Page 77,,,,,,,,,,,,
York Consulting – Information to aid learner decisions – November 2010,,,,,,,,,,,,
 ,,,,,,,,,,,,
Q2.4 : How useful : Proportion of previous learners that were satisfied with the course/programme,,,,,,,,,,,,
Base: All respondents,,,,,,,,,,,,
,,Parental social grade ,,Ethnicity ,,,,,,Region ,,
,Total,ABC1,C2DE,Asian or Asian British,Black or Black British,Chinese,Mixed,White,Other,North,Midlands,South
Sig. Level: 95%,,a,b,c,d,*e,f,g,*h,i,j,k
Sig. Level: 99%,,A,B,C,D,*E,F,G,*H,I,J,K
Total,1052,614,367,85,50,10,35,836,21,306,299,447
,100%,100%,100%,100%,100%,100%,100%,100%,100%,100%,100%,100%
Very useful (5.0),382,229,130,38,17,4,12,300,8,115,114,153
,36%,37%,35%,45%,34%,40%,34%,36%,38%,38%,38%,34%
Somewhat useful (4.0),389,236,123,29,18,5,9,312,9,122,116,151
,37%,38%,34%,34%,36%,50%,26%,37%,43%,40%,39%,34%
Useful (3.0),215,112,89,14,11,0,12,171,4,57,54,104
,20%,18%,24%,16%,22%,0%,34%,20%,19%,19%,18%,23%
,,,a,,,,cg,,,,,
Not particularly useful (2.0),46,25,19,3,2,0,2,38,0,11,12,23
,4%,4%,5%,4%,4%,0%,6%,5%,0%,4%,4%,5%
Not useful at all (1.0),7,1,5,0,2,0,0,5,0,0,1,6
,1%,*%,1%,0%,4%,0%,0%,1%,0%,0%,*%,1%
,,,a,,G,,,,,,,i
Don't know,13,11,1,1,0,1,0,10,0,1,2,10
,1%,2%,*%,1%,0%,10%,0%,1%,0%,*%,1%,2%
,,b,,,,,,,,,,i
Mean,4.05,4.11,3.97,4.21,3.92,4.44,3.89,4.05,4.19,4.12,4.11,3.97
,,b,,,,,,,,k,k,
Std. dev.,0.9,0.9,1,0.9,1,0.5,1,0.9,0.7,0.8,0.9,1
"Columns Tested: A,B - C,D,E,F,G,H - I,J,K",,,,,,,,,,,,
08/11/11                                                                                                                              Page 78,,,
York Consulting – Information to aid learner decisions – November 2010,,,
 ,,,
Q2.4 : How useful : Proportion of previous learners that were satisfied with the course/programme,,,
Base: All respondents,,,
,,Disability ,
,Total,Yes,No
Sig. Level: 95%,,a,b
Sig. Level: 99%,,A,B
Total,1052,219,800
,100%,100%,100%
Very useful (5.0),382,83,285
,36%,38%,36%
Somewhat useful (4.0),389,78,299
,37%,36%,37%
Useful (3.0),215,43,166
,20%,20%,21%
Not particularly useful (2.0),46,11,34
,4%,5%,4%
Not useful at all (1.0),7,2,5
,1%,1%,1%
Don't know,13,2,11
,1%,1%,1%
Mean,4.05,4.06,4.05
Std. dev.,0.9,0.9,0.9
"Columns Tested: A,B",,,
08/11/11                                                                                                                              Page 79,,,
York Consulting – Information to aid learner decisions – November 2010,,,
 ,,,
Q2.4 : How useful : Proportion of previous learners that were satisfied with the course/programme,,,
Base: All respondents,,,
,,Learning provider ,
,Total,State 6th form,State school,Grammar,City academy,Private school,6th form college,FE college,HEI,Workplace,Training centre,Learndirect,Community centre,Other
Sig. Level: 95%,,a,b,c,*d,*e,f,g,*h,i,*j,*k,*l,*m
Sig. Level: 99%,,A,B,C,*D,*E,F,G,*H,I,*J,*K,*L,*M
Total,1052,150,285,68,19,2,157,197,10,95,26,6,8,26
,100%,100%,100%,100%,100%,100%,100%,100%,100%,100%,100%,100%,100%,100%
Very useful (5.0),382,59,113,19,4,0,56,68,5,34,6,1,6,11
,36%,39%,40%,28%,21%,0%,36%,35%,50%,36%,23%,17%,75%,42%
Somewhat useful (4.0),389,50,96,31,8,2,60,72,4,38,12,3,1,10
,37%,33%,34%,46%,42%,100%,38%,37%,40%,40%,46%,50%,13%,38%
Useful (3.0),215,33,54,15,1,0,35,48,1,18,5,2,0,2
,20%,22%,19%,22%,5%,0%,22%,24%,10%,19%,19%,33%,0%,8%
Not particularly useful (2.0),46,5,14,3,5,0,4,6,0,4,2,0,1,2
,4%,3%,5%,4%,26%,0%,3%,3%,0%,4%,8%,0%,13%,8%
Not useful at all (1.0),7,1,2,0,0,0,0,2,0,0,1,0,0,1
,1%,1%,1%,0%,0%,0%,0%,1%,0%,0%,4%,0%,0%,4%
Don't know,13,2,6,0,1,0,2,1,0,1,0,0,0,0
,1%,1%,2%,0%,5%,0%,1%,1%,0%,1%,0%,0%,0%,0%
Mean,4.05,4.09,4.09,3.97,3.61,4,4.08,4.01,4.4,4.09,3.77,3.83,4.5,4.08
Std. dev.,0.9,0.9,0.9,0.8,1.1,0,0.8,0.9,0.7,0.9,1,0.8,1.1,1.1
"Columns Tested: A,B,C,D,E,F,G,H,I,J,K,L,M",,,,,,,,,,,,,,
08/11/11                                                                                                                              Page 80,,,,,,,,,,,,,,
York Consulting – Information to aid learner decisions – November 2010,,,,,,,,,,,,,,
 ,,,,,,,,,,,,,,
Q2.5 : How useful : Proportion of previous learners that were satisfied with the provider,,,,,,,,,,,,,,
Base: All respondents,,,,,,,,,,,,,,
,,Sample groups ,,,,,Gender ,,Age ,,,,,
,Total,Under 16s,Not white British,Those with a disability,Social grade C2DE,Baseline,Male,Female,Under 16,16 – 18,19 – 25,Over 25,,
Sig. Level: 95%,,a,b,c,d,e,f,g,h,i,j,k,,
Sig. Level: 99%,,A,B,C,D,E,F,G,H,I,J,K,,
Total,1052,246,253,219,367,296,294,758,246,504,99,203,,
,100%,100%,100%,100%,100%,100%,100%,100%,100%,100%,100%,100%,,
Very useful (5.0),346,81,96,77,122,88,86,260,81,162,33,70,,
,33%,33%,38%,35%,33%,30%,29%,34%,33%,32%,33%,34%
,,,e,,,,,,,,,
Somewhat useful (4.0),404,84,90,80,130,128,115,289,84,202,36,82
,38%,34%,36%,37%,35%,43%,39%,38%,34%,40%,36%,40%
,,,,,,ad,,,,,,
Useful (3.0),225,58,53,40,88,62,68,157,58,105,23,39
,21%,24%,21%,18%,24%,21%,23%,21%,24%,21%,23%,19%
Not particularly useful (2.0),58,17,8,18,22,12,20,38,17,26,5,10
,6%,7%,3%,8%,6%,4%,7%,5%,7%,5%,5%,5%
,,,,be,,,,,,,,
Not useful at all (1.0),6,0,2,2,4,1,0,6,0,5,1,0
,1%,0%,1%,1%,1%,*%,0%,1%,0%,1%,1%,0%
Don't know,13,6,4,2,1,5,5,8,6,4,1,2
,1%,2%,2%,1%,*%,2%,2%,1%,2%,1%,1%,1%
,,d,,,,,,,,,,
Mean,3.99,3.95,4.08,3.98,3.94,4,3.92,4.01,3.95,3.98,3.97,4.05
Std. dev.,0.9,0.9,0.9,1,1,0.8,0.9,0.9,0.9,0.9,0.9,0.9
"Columns Tested: A,B,C,D,E - F,G - H,I,J,K",,,,,,,,,,,,
08/11/11                                                                                                                              Page 81,,,,,,,,,,,,
York Consulting – Information to aid learner decisions – November 2010,,,,,,,,,,,,
 ,,,,,,,,,,,,
Q2.5 : How useful : Proportion of previous learners that were satisfied with the provider,,,,,,,,,,,,
Base: All respondents,,,,,,,,,,,,
,,Parental social grade ,,Ethnicity ,,,,,,Region ,,
,Total,ABC1,C2DE,Asian or Asian British,Black or Black British,Chinese,Mixed,White,Other,North,Midlands,South
Sig. Level: 95%,,a,b,c,d,*e,f,g,*h,i,j,k
Sig. Level: 99%,,A,B,C,D,*E,F,G,*H,I,J,K
Total,1052,614,367,85,50,10,35,836,21,306,299,447
,100%,100%,100%,100%,100%,100%,100%,100%,100%,100%,100%,100%
Very useful (5.0),346,205,122,36,17,4,13,265,9,104,112,130
,33%,33%,33%,42%,34%,40%,37%,32%,43%,34%,37%,29%
,,,,g,,,,,,,k,
Somewhat useful (4.0),404,240,130,28,18,5,9,330,8,120,111,173
,38%,39%,35%,33%,36%,50%,26%,39%,38%,39%,37%,39%
Useful (3.0),225,123,88,17,11,0,12,176,4,61,59,105
,21%,20%,24%,20%,22%,0%,34%,21%,19%,20%,20%,23%
Not particularly useful (2.0),58,34,22,2,2,0,1,52,0,15,16,27
,6%,6%,6%,2%,4%,0%,3%,6%,0%,5%,5%,6%
Not useful at all (1.0),6,2,4,1,1,0,0,4,0,2,0,4
,1%,*%,1%,1%,2%,0%,0%,*%,0%,1%,0%,1%
Don't know,13,10,1,1,1,1,0,9,0,4,1,8
,1%,2%,*%,1%,2%,10%,0%,1%,0%,1%,*%,2%
Mean,3.99,4.01,3.94,4.14,3.98,4.44,3.97,3.97,4.24,4.02,4.07,3.91
,,,,,,,,,,,k,
Std. dev.,0.9,0.9,1,0.9,1,0.5,0.9,0.9,0.8,0.9,0.9,0.9
"Columns Tested: A,B - C,D,E,F,G,H - I,J,K",,,,,,,,,,,,
08/11/11                                                                                                                              Page 82,,,,,,,,,,,,
York Consulting – Information to aid learner decisions – November 2010,,,,,,,,,,,,
 ,,,
Q2.5 : How useful : Proportion of previous learners that were satisfied with the provider,,,
Base: All respondents,,,
,,Disability ,
,Total,Yes,No
Sig. Level: 95%,,a,b
Sig. Level: 99%,,A,B
Total,1052,219,800
,100%,100%,100%
Very useful (5.0),346,77,258
,33%,35%,32%
Somewhat useful (4.0),404,80,312
,38%,37%,39%
Useful (3.0),225,40,176
,21%,18%,22%
Not particularly useful (2.0),58,18,39
,6%,8%,5%,,,,,,,,,,,
Not useful at all (1.0),6,2,4,,,,,,,,,,,
,1%,1%,1%,,,,,,,,,,,
Don't know,13,2,11,,,,,,,,,,,
,1%,1%,1%,,,,,,,,,,,
Mean,3.99,3.98,3.99,,,,,,,,,,,
Std. dev.,0.9,1,0.9,,,,,,,,,,,
"Columns Tested: A,B",,,,,,,,,,,,,,
08/11/11                                                                                                                              Page 83,,,,,,,,,,,,,,
York Consulting – Information to aid learner decisions – November 2010,,,,,,,,,,,,,,
 ,,,,,,,,,,,,,,
Q2.5 : How useful : Proportion of previous learners that were satisfied with the provider,,,,,,,,,,,,,,
Base: All respondents,,,,,,,,,,,,,,
,,Learning provider ,,,,,,,,,,,,
,Total,State 6th form,State school,Grammar,City academy,Private school,6th form college,FE college,HEI,Workplace,Training centre,Learndirect,Community centre,Other
Sig. Level: 95%,,a,b,c,*d,*e,f,g,*h,i,*j,*k,*l,*m
Sig. Level: 99%,,A,B,C,*D,*E,F,G,*H,I,*J,*K,*L,*M
Total,1052,150,285,68,19,2,157,197,10,95,26,6,8,26
,100%,100%,100%,100%,100%,100%,100%,100%,100%,100%,100%,100%,100%,100%
Very useful (5.0),346,50,100,17,4,0,51,65,5,34,7,2,4,7
,33%,33%,35%,25%,21%,0%,32%,33%,50%,36%,27%,33%,50%,27%
Somewhat useful (4.0),404,56,111,28,5,2,52,81,3,35,11,1,3,14
,38%,37%,39%,41%,26%,100%,33%,41%,30%,37%,42%,17%,38%,54%
Useful (3.0),225,30,48,22,5,0,44,42,1,19,7,3,0,3
,21%,20%,17%,32%,26%,0%,28%,21%,10%,20%,27%,50%,0%,12%
,,,,aB,,,B,,,,,,,
Not particularly useful (2.0),58,11,19,1,4,0,7,7,1,5,0,0,1,2
,6%,7%,7%,1%,21%,0%,4%,4%,10%,5%,0%,0%,13%,8%
Not useful at all (1.0),6,0,2,0,0,0,2,1,0,0,1,0,0,0
,1%,0%,1%,0%,0%,0%,1%,1%,0%,0%,4%,0%,0%,0%
Don't know,13,3,5,0,1,0,1,1,0,2,0,0,0,0
,1%,2%,2%,0%,5%,0%,1%,1%,0%,2%,0%,0%,0%,0%
Mean,3.99,3.99,4.03,3.9,3.5,4,3.92,4.03,4.2,4.05,3.88,3.83,4.25,4
Std. dev.,0.9,0.9,0.9,0.8,1.1,0,1,0.9,1,0.9,1,1,1,0.8
"Columns Tested: A,B,C,D,E,F,G,H,I,J,K,L,M",,,,,,,,,,,,,,
08/11/11                                                                                                                              Page 84,,,,,,,,,,,,,,
York Consulting – Information to aid learner decisions – November 2010,,,,,,,,,,,,,,
 ,,,,,,,,,,,,,,
Q2.6 : How useful : Proportion of previous learners that were satisfied with the standard of teaching,,,,,,,,,,,,,,
Base: All respondents,,,,,,,,,,,,,,
,,Sample groups ,,,,,Gender ,,Age ,,,,,
,Total,Under 16s,Not white British,Those with a disability,Social grade C2DE,Baseline,Male,Female,Under 16,16 – 18,19 – 25,Over 25,,
Sig. Level: 95%,,a,b,c,d,e,f,g,h,i,j,k,,
Sig. Level: 99%,,A,B,C,D,E,F,G,H,I,J,K,,
Total,1052,246,253,219,367,296,294,758,246,504,99,203,,
,100%,100%,100%,100%,100%,100%,100%,100%,100%,100%,100%,100%,,
Very useful (5.0),450,114,124,97,147,116,110,340,114,219,37,80,,
,43%,46%,49%,44%,40%,39%,37%,45%,46%,43%,37%,39%,,
,,,de,,,,,f,,,,
Somewhat useful (4.0),353,73,73,72,112,118,107,246,73,175,37,68
,34%,30%,29%,33%,31%,40%,36%,32%,30%,35%,37%,33%
,,,,,,aBd,,,,,,
Useful (3.0),185,38,42,34,83,50,52,133,38,83,19,45
,18%,15%,17%,16%,23%,17%,18%,18%,15%,16%,19%,22%
,,,,,ac,,,,,,,
Not particularly useful (2.0),44,15,10,12,19,7,18,26,15,18,3,8
,4%,6%,4%,5%,5%,2%,6%,3%,6%,4%,3%,4%
,,e,,,,,,,,,,
Not useful at all (1.0),8,2,2,3,4,0,2,6,2,3,3,0
,1%,1%,1%,1%,1%,0%,1%,1%,1%,1%,3%,0%
,,,,e,,,,,,,ik,
Don't know,12,4,2,1,2,5,5,7,4,6,0,2
,1%,2%,1%,*%,1%,2%,2%,1%,2%,1%,0%,1%
Mean,4.15,4.17,4.22,4.14,4.04,4.18,4.06,4.18,4.17,4.18,4.03,4.09
,,,d,,,d,,f,,,,
Std. dev.,0.9,1,0.9,1,1,0.8,0.9,0.9,1,0.9,1,0.9
"Columns Tested: A,B,C,D,E - F,G - H,I,J,K",,,,,,,,,,,,
08/11/11                                                                                                                              Page 85,,,,,,,,,,,,
York Consulting – Information to aid learner decisions – November 2010,,,,,,,,,,,,
 ,,,,,,,,,,,,
Q2.6 : How useful : Proportion of previous learners that were satisfied with the standard of teaching,,,,,,,,,,,,
Base: All respondents,,,,,,,,,,,,
,,Parental social grade ,,Ethnicity ,,,,,,Region ,,
,Total,ABC1,C2DE,Asian or Asian British,Black or Black British,Chinese,Mixed,White,Other,North,Midlands,South
Sig. Level: 95%,,a,b,c,d,*e,f,g,*h,i,j,k
Sig. Level: 99%,,A,B,C,D,*E,F,G,*H,I,J,K
Total,1052,614,367,85,50,10,35,836,21,306,299,447
,100%,100%,100%,100%,100%,100%,100%,100%,100%,100%,100%,100%
Very useful (5.0),450,279,147,43,32,3,16,344,8,130,130,190
,43%,45%,40%,51%,64%,30%,46%,41%,38%,42%,43%,43%
,,,,,G,,,,,,,
Somewhat useful (4.0),353,211,112,23,9,5,10,292,9,114,100,139
,34%,34%,31%,27%,18%,50%,29%,35%,43%,37%,33%,31%
,,,,,,,,d,,,,
Useful (3.0),185,89,83,13,6,1,8,147,4,46,54,85
,18%,14%,23%,15%,12%,10%,23%,18%,19%,15%,18%,19%
,,,A,,,,,,,,,
Not particularly useful (2.0),44,23,19,6,1,0,1,36,0,10,12,22
,4%,4%,5%,7%,2%,0%,3%,4%,0%,3%,4%,5%
Not useful at all (1.0),8,3,4,0,2,0,0,6,0,1,2,5
,1%,*%,1%,0%,4%,0%,0%,1%,0%,*%,1%,1%
,,,,,g,,,,,,,
Don't know,12,9,2,0,0,1,0,11,0,5,1,6
,1%,1%,1%,0%,0%,10%,0%,1%,0%,2%,*%,1%
Mean,4.15,4.22,4.04,4.21,4.36,4.22,4.17,4.13,4.19,4.2,4.15,4.1
,,B,,,,,,,,,,
Std. dev.,0.9,0.9,1,1,1,0.7,0.9,0.9,0.7,0.8,0.9,1
"Columns Tested: A,B - C,D,E,F,G,H - I,J,K",,,,,,,,,,,,
08/11/11                                                                                                                              Page 86,,,,,,,,,,,,
York Consulting – Information to aid learner decisions – November 2010,,,,,,,,,,,,
 ,,,,,,,,,,,,
Q2.6 : How useful : Proportion of previous learners that were satisfied with the standard of teaching,,,,,,,,,,,,
Base: All respondents,,,,,,,,,,,,
,,Disability ,,,,,,,,,,
,Total,Yes,No,,,,,,,,,
Sig. Level: 95%,,a,b,,,,,,,,,
Sig. Level: 99%,,A,B,,,,,,,,,
Total,1052,219,800,,,,,,,,,
,100%,100%,100%,,,,,,,,,
Very useful (5.0),450,97,340,,,,,,,,,
,43%,44%,43%,,,,,,,,,
Somewhat useful (4.0),353,72,271,,,,,,,,,
,34%,33%,34%
Useful (3.0),185,34,141
,18%,16%,18%
Not particularly useful (2.0),44,12,32
,4%,5%,4%
Not useful at all (1.0),8,3,5
,1%,1%,1%
Don't know,12,1,11
,1%,*%,1%
Mean,4.15,4.14,4.15
Std. dev.,0.9,1,0.9
"Columns Tested: A,B",,,
08/11/11                                                                                                                              Page 87,,,
York Consulting – Information to aid learner decisions – November 2010,,,
 ,,,
Q2.6 : How useful : Proportion of previous learners that were satisfied with the standard of teaching,,,
Base: All respondents,,,,,,,,,,,,,,
,,Learning provider ,,,,,,,,,,,,
,Total,State 6th form,State school,Grammar,City academy,Private school,6th form college,FE college,HEI,Workplace,Training centre,Learndirect,Community centre,Other
Sig. Level: 95%,,a,b,c,*d,*e,f,g,*h,i,*j,*k,*l,*m
Sig. Level: 99%,,A,B,C,*D,*E,F,G,*H,I,*J,*K,*L,*M
Total,1052,150,285,68,19,2,157,197,10,95,26,6,8,26
,100%,100%,100%,100%,100%,100%,100%,100%,100%,100%,100%,100%,100%,100%
Very useful (5.0),450,67,137,25,3,1,69,77,5,38,11,2,4,10
,43%,45%,48%,37%,16%,50%,44%,39%,50%,40%,42%,33%,50%,38%
Somewhat useful (4.0),353,48,88,28,8,0,49,74,4,32,6,2,2,11
,34%,32%,31%,41%,42%,0%,31%,38%,40%,34%,23%,33%,25%,42%
Useful (3.0),185,25,43,12,4,1,30,37,1,17,8,2,1,3
,18%,17%,15%,18%,21%,50%,19%,19%,10%,18%,31%,33%,13%,12%
Not particularly useful (2.0),44,6,11,2,4,0,7,5,0,6,0,0,1,2
,4%,4%,4%,3%,21%,0%,4%,3%,0%,6%,0%,0%,13%,8%
Not useful at all (1.0),8,1,3,0,0,0,0,3,0,0,1,0,0,0
,1%,1%,1%,0%,0%,0%,0%,2%,0%,0%,4%,0%,0%,0%
Don't know,12,3,3,1,0,0,2,1,0,2,0,0,0,0
,1%,2%,1%,1%,0%,0%,1%,1%,0%,2%,0%,0%,0%,0%
Mean,4.15,4.18,4.22,4.13,3.53,4,4.16,4.11,4.4,4.1,4,4,4.13,4.12
Std. dev.,0.9,0.9,0.9,0.8,1,1.4,0.9,0.9,0.7,0.9,1.1,0.9,1.1,0.9
"Columns Tested: A,B,C,D,E,F,G,H,I,J,K,L,M",,,,,,,,,,,,,,
08/11/11                                                                                                                              Page 88,,,,,,,,,,,,,,
York Consulting – Information to aid learner decisions – November 2010,,,,,,,,,,,,,,
 ,,,,,,,,,,,,,,
Q2.7 : How useful : Proportion of previous learners that were satisfied with feedback on work that they had received from tutors/teachers,,,,,,,,,,,,,,
Base: All respondents,,,,,,,,,,,,,,
,,Sample groups ,,,,,Gender ,,Age ,,,,,
,Total,Under 16s,Not white British,Those with a disability,Social grade C2DE,Baseline,Male,Female,Under 16,16 – 18,19 – 25,Over 25,,
Sig. Level: 95%,,a,b,c,d,e,f,g,h,i,j,k,,
Sig. Level: 99%,,A,B,C,D,E,F,G,H,I,J,K,,
Total,1052,246,253,219,367,296,294,758,246,504,99,203,,
,100%,100%,100%,100%,100%,100%,100%,100%,100%,100%,100%,100%
Very useful (5.0),310,67,86,74,112,76,85,225,67,141,36,66
,29%,27%,34%,34%,31%,26%,29%,30%,27%,28%,36%,33%
,,,e,e,,,,,,,,
Somewhat useful (4.0),403,91,93,84,131,125,114,289,91,204,32,76
,38%,37%,37%,38%,36%,42%,39%,38%,37%,40%,32%,37%
Useful (3.0),241,64,49,39,90,69,63,178,64,103,24,50
,23%,26%,19%,18%,25%,23%,21%,23%,26%,20%,24%,25%
,,c,,,,,,,,,,
Not particularly useful (2.0),66,18,17,13,22,19,18,48,18,37,3,8
,6%,7%,7%,6%,6%,6%,6%,6%,7%,7%,3%,4%
Not useful at all (1.0),19,2,6,8,10,1,7,12,2,12,4,1
,2%,1%,2%,4%,3%,*%,2%,2%,1%,2%,4%,*%
,,,e,aE,e,,,,,,hk,
Don't know,13,4,2,1,2,6,7,6,4,7,0,2
,1%,2%,1%,*%,1%,2%,2%,1%,2%,1%,0%,1%
,,,,,,,g,,,,,
Mean,3.88,3.84,3.94,3.93,3.86,3.88,3.88,3.89,3.84,3.86,3.94,3.99
Std. dev.,1,0.9,1,1,1,0.9,1,1,0.9,1,1,0.9
"Columns Tested: A,B,C,D,E - F,G - H,I,J,K",,,,,,,,,,,,
08/11/11                                                                                                                              Page 89,,,,,,,,,,,,
York Consulting – Information to aid learner decisions – November 2010,,,,,,,,,,,,
 ,,,,,,,,,,,,
Q2.7 : How useful : Proportion of previous learners that were satisfied with feedback on work that they had received from tutors/teachers,,,,,,,,,,,,
Base: All respondents,,,,,,,,,,,,
,,Parental social grade ,,Ethnicity ,,,,,,Region ,,
,Total,ABC1,C2DE,Asian or Asian British,Black or Black British,Chinese,Mixed,White,Other,North,Midlands,South
Sig. Level: 95%,,a,b,c,d,*e,f,g,*h,i,j,k
Sig. Level: 99%,,A,B,C,D,*E,F,G,*H,I,J,K
Total,1052,614,367,85,50,10,35,836,21,306,299,447
,100%,100%,100%,100%,100%,100%,100%,100%,100%,100%,100%,100%
Very useful (5.0),310,184,112,33,19,2,12,235,6,87,105,118
,29%,30%,31%,39%,38%,20%,34%,28%,29%,28%,35%,26%
,,,,g,,,,,,,k,
Somewhat useful (4.0),403,234,131,24,21,6,12,323,11,128,101,174
,38%,38%,36%,28%,42%,60%,34%,39%,52%,42%,34%,39%
,,,,,,,,,,j,,
Useful (3.0),241,139,90,19,2,1,11,198,4,66,65,110
,23%,23%,25%,22%,4%,10%,31%,24%,19%,22%,22%,25%
,,,,D,,,D,D,,,,
Not particularly useful (2.0),66,40,22,7,6,0,0,53,0,15,19,32
,6%,7%,6%,8%,12%,0%,0%,6%,0%,5%,6%,7%
,,,,,f,,,,,,,
Not useful at all (1.0),19,7,10,2,2,0,0,15,0,6,7,6
,2%,1%,3%,2%,4%,0%,0%,2%,0%,2%,2%,1%
Don't know,13,10,2,0,0,1,0,12,0,4,2,7
,1%,2%,1%,0%,0%,10%,0%,1%,0%,1%,1%,2%
Mean,3.88,3.91,3.86,3.93,3.98,4.11,4.03,3.86,4.1,3.91,3.94,3.83
Std. dev.,1,0.9,1,1.1,1.1,0.6,0.8,1,0.7,0.9,1,1
"Columns Tested: A,B - C,D,E,F,G,H - I,J,K",,,,,,,,,,,,
08/11/11                                                                                                                              Page 90,,,,,,,,,,,,
York Consulting – Information to aid learner decisions – November 2010,,,,,,,,,,,,
 ,,,,,,,,,,,,
Q2.7 : How useful : Proportion of previous learners that were satisfied with feedback on work that they had received from tutors/teachers,,,,,,,,,,,,
Base: All respondents,,,,,,,,,,,,
,,Disability ,,,,,,,,,,
,Total,Yes,No,,,,,,,,,
Sig. Level: 95%,,a,b,,,,,,,,,
Sig. Level: 99%,,A,B,,,,,,,,,
Total,1052,219,800,,,,,,,,,
,100%,100%,100%,,,,,,,,,
Very useful (5.0),310,74,228,,,,,,,,,
,29%,34%,29%,,,,,,,,,
Somewhat useful (4.0),403,84,301,,,,,,,,,
,38%,38%,38%
Useful (3.0),241,39,196
,23%,18%,25%
,,,a
Not particularly useful (2.0),66,13,52
,6%,6%,7%
Not useful at all (1.0),19,8,11
,2%,4%,1%
,,b,
Don't know,13,1,12
,1%,*%,2%
Mean,3.88,3.93,3.87
Std. dev.,1,1,1
"Columns Tested: A,B",,,
08/11/11                                                                                                                              Page 91,,,
York Consulting – Information to aid learner decisions – November 2010,,,
 ,,,,,,,,,,,,,,
Q2.7 : How useful : Proportion of previous learners that were satisfied with feedback on work that they had received from tutors/teachers,,,,,,,,,,,,,,
Base: All respondents,,,,,,,,,,,,,,
,,Learning provider ,,,,,,,,,,,,
,Total,State 6th form,State school,Grammar,City academy,Private school,6th form college,FE college,HEI,Workplace,Training centre,Learndirect,Community centre,Other
Sig. Level: 95%,,a,b,c,*d,*e,f,g,*h,i,*j,*k,*l,*m
Sig. Level: 99%,,A,B,C,*D,*E,F,G,*H,I,*J,*K,*L,*M
Total,1052,150,285,68,19,2,157,197,10,95,26,6,8,26
,100%,100%,100%,100%,100%,100%,100%,100%,100%,100%,100%,100%,100%,100%
Very useful (5.0),310,47,78,15,3,0,47,63,5,30,9,2,4,7
,29%,31%,27%,22%,16%,0%,30%,32%,50%,32%,35%,33%,50%,27%
Somewhat useful (4.0),403,58,105,25,8,1,64,76,3,35,6,2,3,15
,38%,39%,37%,37%,42%,50%,41%,39%,30%,37%,23%,33%,38%,58%
Useful (3.0),241,32,73,18,3,1,31,44,1,24,10,1,0,2
,23%,21%,26%,26%,16%,50%,20%,22%,10%,25%,38%,17%,0%,8%
Not particularly useful (2.0),66,8,23,8,4,0,10,7,0,3,0,1,1,1
,6%,5%,8%,12%,21%,0%,6%,4%,0%,3%,0%,17%,13%,4%
,,,g,gi,,,,,,,,,,
Not useful at all (1.0),19,2,3,1,1,0,3,5,1,1,1,0,0,1
,2%,1%,1%,1%,5%,0%,2%,3%,10%,1%,4%,0%,0%,4%
Don't know,13,3,3,1,0,0,2,2,0,2,0,0,0,0
,1%,2%,1%,1%,0%,0%,1%,1%,0%,2%,0%,0%,0%,0%
Mean,3.88,3.95,3.82,3.67,3.42,3.5,3.92,3.95,4.1,3.97,3.85,3.83,4.25,4
,,c,,,,,,c,,,,,,
Std. dev.,1,0.9,1,1,1.2,0.7,1,1,1.3,0.9,1,1.2,1,0.9
"Columns Tested: A,B,C,D,E,F,G,H,I,J,K,L,M",,,,,,,,,,,,,,
08/11/11                                                                                                                              Page 92,,,,,,,,,,,,,,
York Consulting – Information to aid learner decisions – November 2010,,,,,,,,,,,,,,
 ,,,,,,,,,,,,,,
"Q2.8 : How useful : Rating of the quality of the teaching (e.g. Ofsted, inspection results)",,,,,,,,,,,,,,
Base: All respondents,,,,,,,,,,,,,,
,,Sample groups ,,,,,Gender ,,Age ,,,,,
,Total,Under 16s,Not white British,Those with a disability,Social grade C2DE,Baseline,Male,Female,Under 16,16 – 18,19 – 25,Over 25
Sig. Level: 95%,,a,b,c,d,e,f,g,h,i,j,k
Sig. Level: 99%,,A,B,C,D,E,F,G,H,I,J,K
Total,1052,246,253,219,367,296,294,758,246,504,99,203
,100%,100%,100%,100%,100%,100%,100%,100%,100%,100%,100%,100%
Very useful (5.0),384,90,111,92,137,94,96,288,90,177,33,84
,37%,37%,44%,42%,37%,32%,33%,38%,37%,35%,33%,41%
,,,E,e,,,,,,,,
Somewhat useful (4.0),330,70,63,60,115,111,92,238,70,167,35,58
,31%,28%,25%,27%,31%,38%,31%,31%,28%,33%,35%,29%
,,,,,,aBc,,,,,,
Useful (3.0),223,53,45,40,84,63,68,155,53,104,25,41
,21%,22%,18%,18%,23%,21%,23%,20%,22%,21%,25%,20%
Not particularly useful (2.0),77,25,20,20,21,19,22,55,25,36,4,12
,7%,10%,8%,9%,6%,6%,7%,7%,10%,7%,4%,6%
,,d,,,,,,,,,,
Not useful at all (1.0),25,3,11,5,7,6,10,15,3,16,0,6
,2%,1%,4%,2%,2%,2%,3%,2%,1%,3%,0%,3%
,,,a,,,,,,,,,
Don't know,13,5,3,2,3,3,6,7,5,4,2,2
,1%,2%,1%,1%,1%,1%,2%,1%,2%,1%,2%,1%
Mean,3.93,3.91,3.97,3.99,3.97,3.91,3.84,3.97,3.91,3.91,4,4
Std. dev.,1,1.1,1.2,1.1,1,1,1.1,1,1.1,1.1,0.9,1.1
"Columns Tested: A,B,C,D,E - F,G - H,I,J,K",,,,,,,,,,,,
08/11/11                                                                                                                              Page 93,,,,,,,,,,,,
York Consulting – Information to aid learner decisions – November 2010,,,,,,,,,,,,
 ,,,,,,,,,,,,
"Q2.8 : How useful : Rating of the quality of the teaching (e.g. Ofsted, inspection results)",,,,,,,,,,,,
Base: All respondents,,,,,,,,,,,,
,,Parental social grade ,,Ethnicity ,,,,,,Region ,,
,Total,ABC1,C2DE,Asian or Asian British,Black or Black British,Chinese,Mixed,White,Other,North,Midlands,South
Sig. Level: 95%,,a,b,c,d,*e,f,g,*h,i,j,k
Sig. Level: 99%,,A,B,C,D,*E,F,G,*H,I,J,K
Total,1052,614,367,85,50,10,35,836,21,306,299,447
,100%,100%,100%,100%,100%,100%,100%,100%,100%,100%,100%,100%
Very useful (5.0),384,222,137,42,28,3,15,289,5,106,141,137
,37%,36%,37%,49%,56%,30%,43%,35%,24%,35%,47%,31%
,,,,G,G,,,,,,IK,
Somewhat useful (4.0),330,192,115,21,10,1,8,276,9,98,87,145
,31%,31%,31%,25%,20%,10%,23%,33%,43%,32%,29%,32%
Useful (3.0),223,125,84,12,3,3,9,185,5,74,46,103
,21%,20%,23%,14%,6%,30%,26%,22%,24%,24%,15%,23%
,,,,,,,d,D,,J,,j
Not particularly useful (2.0),77,50,21,8,5,2,3,59,0,21,17,39
,7%,8%,6%,9%,10%,20%,9%,7%,0%,7%,6%,9%
Not useful at all (1.0),25,16,7,2,4,0,0,16,2,4,6,15
,2%,3%,2%,2%,8%,0%,0%,2%,10%,1%,2%,3%
,,,,,G,,,,,,,
Don't know,13,9,3,0,0,1,0,11,0,3,2,8
,1%,1%,1%,0%,0%,10%,0%,1%,0%,1%,1%,2%
Mean,3.93,3.92,3.97,4.09,4.06,3.56,4,3.92,3.71,3.93,4.14,3.8
,,,,,,,,,,,IK,
Std. dev.,1,1.1,1,1.1,1.3,1.2,1,1,1.1,1,1,1.1
"Columns Tested: A,B - C,D,E,F,G,H - I,J,K",,,,,,,,,,,,
08/11/11                                                                                                                              Page 94,,,,,,,,,,,,
York Consulting – Information to aid learner decisions – November 2010,,,,,,,,,,,,
 ,,,,,,,,,,,,
"Q2.8 : How useful : Rating of the quality of the teaching (e.g. Ofsted, inspection results)",,,,,,,,,,,,
Base: All respondents,,,,,,,,,,,,
,,Disability ,,,,,,,,,,
,Total,Yes,No,,,,,,,,,
Sig. Level: 95%,,a,b,,,,,,,,,
Sig. Level: 99%,,A,B,,,,,,,,,
Total,1052,219,800,,,,,,,,,
,100%,100%,100%
Very useful (5.0),384,92,287
,37%,42%,36%
Somewhat useful (4.0),330,60,255
,31%,27%,32%
Useful (3.0),223,40,172
,21%,18%,22%
Not particularly useful (2.0),77,20,56
,7%,9%,7%
Not useful at all (1.0),25,5,19
,2%,2%,2%
Don't know,13,2,11
,1%,1%,1%
Mean,3.93,3.99,3.93
Std. dev.,1,1.1,1
"Columns Tested: A,B",,,
08/11/11                                                                                                                              Page 95,,,,,,,,,,,,,,
York Consulting – Information to aid learner decisions – November 2010,,,,,,,,,,,,,,
 ,,,,,,,,,,,,,,
"Q2.8 : How useful : Rating of the quality of the teaching (e.g. Ofsted, inspection results)",,,,,,,,,,,,,,
Base: All respondents,,,,,,,,,,,,,,
,,Learning provider ,,,,,,,,,,,,
,Total,State 6th form,State school,Grammar,City academy,Private school,6th form college,FE college,HEI,Workplace,Training centre,Learndirect,Community centre,Other
Sig. Level: 95%,,a,b,c,*d,*e,f,g,*h,i,*j,*k,*l,*m
Sig. Level: 99%,,A,B,C,*D,*E,F,G,*H,I,*J,*K,*L,*M
Total,1052,150,285,68,19,2,157,197,10,95,26,6,8,26
,100%,100%,100%,100%,100%,100%,100%,100%,100%,100%,100%,100%,100%,100%
Very useful (5.0),384,65,96,26,8,1,45,72,7,37,9,3,4,11
,37%,43%,34%,38%,42%,50%,29%,37%,70%,39%,35%,50%,50%,42%
,,bF,,,,,,,,,,,,
Somewhat useful (4.0),330,40,96,19,2,0,55,70,3,21,9,1,4,8
,31%,27%,34%,28%,11%,0%,35%,36%,30%,22%,35%,17%,50%,31%
,,,i,,,,i,i,,,,,,
Useful (3.0),223,33,62,8,5,0,33,43,0,28,5,1,0,4
,21%,22%,22%,12%,26%,0%,21%,22%,0%,29%,19%,17%,0%,15%
,,,,,,,,,,C,,,,
Not particularly useful (2.0),77,8,21,12,3,1,18,3,0,6,2,1,0,2
,7%,5%,7%,18%,16%,50%,11%,2%,0%,6%,8%,17%,0%,8%
,,g,G,ABGi,,,G,,,g,,,,
Not useful at all (1.0),25,3,6,2,1,0,4,5,0,2,1,0,0,1
,2%,2%,2%,3%,5%,0%,3%,3%,0%,2%,4%,0%,0%,4%
Don't know,13,1,4,1,0,0,2,4,0,1,0,0,0,0
,1%,1%,1%,1%,0%,0%,1%,2%,0%,1%,0%,0%,0%,0%
Mean,3.93,4.05,3.91,3.82,3.68,3.5,3.77,4.04,4.7,3.9,3.88,4,4.5,4
,,f,,,,,,f,,,,,,
Std. dev.,1,1,1,1.2,1.3,2.1,1.1,0.9,0.5,1.1,1.1,1.3,0.5,1.1
"Columns Tested: A,B,C,D,E,F,G,H,I,J,K,L,M",,,,,,,,,,,,,,
08/11/11                                                                                                                              Page 96,,,,,,,,,,,,,,
York Consulting – Information to aid learner decisions – November 2010,,,,,,,,,,,,
 ,,,,,,,,,,,,
Q2.9 : How useful : Proportion of previous learners that were satisfied with the support and guidance they had received,,,,,,,,,,,,
Base: All respondents,,,,,,,,,,,,
,,Sample groups ,,,,,Gender ,,Age ,,,
,Total,Under 16s,Not white British,Those with a disability,Social grade C2DE,Baseline,Male,Female,Under 16,16 – 18,19 – 25,Over 25
Sig. Level: 95%,,a,b,c,d,e,f,g,h,i,j,k
Sig. Level: 99%,,A,B,C,D,E,F,G,H,I,J,K
Total,1052,246,253,219,367,296,294,758,246,504,99,203
,100%,100%,100%,100%,100%,100%,100%,100%,100%,100%,100%,100%
Very useful (5.0),360,78,93,91,135,87,83,277,78,164,40,78
,34%,32%,37%,42%,37%,29%,28%,37%,32%,33%,40%,38%
,,,,aE,e,,,f,,,,
Somewhat useful (4.0),404,98,96,73,124,126,118,286,98,206,29,71
,38%,40%,38%,33%,34%,43%,40%,38%,40%,41%,29%,35%
,,,,,,cd,,,,j,,
Useful (3.0),212,51,47,36,79,66,68,144,51,94,22,45
,20%,21%,19%,16%,22%,22%,23%,19%,21%,19%,22%,22%
Not particularly useful (2.0),52,15,8,12,22,13,16,36,15,25,4,8
,5%,6%,3%,5%,6%,4%,5%,5%,6%,5%,4%,4%
Not useful at all (1.0),12,0,6,5,5,0,5,7,0,8,4,0
,1%,0%,2%,2%,1%,0%,2%,1%,0%,2%,4%,0%
,,,aE,aE,e,,,,,h,HK,
Don't know,12,4,3,2,2,4,4,8,4,7,0,1
,1%,2%,1%,1%,1%,1%,1%,1%,2%,1%,0%,*%
Mean,4.01,3.99,4.05,4.07,3.99,3.98,3.89,4.05,3.99,3.99,3.98,4.08
,,,,,,,,f,,,,
Std. dev.,0.9,0.9,1,1,1,0.8,0.9,0.9,0.9,0.9,1.1,0.9
"Columns Tested: A,B,C,D,E - F,G - H,I,J,K",,,,,,,,,,,,
08/11/11                                                                                                                              Page 97,,,,,,,,,,,,
York Consulting – Information to aid learner decisions – November 2010,,,,,,,,,,,,
 ,,,,,,,,,,,,
Q2.9 : How useful : Proportion of previous learners that were satisfied with the support and guidance they had received,,,,,,,,,,,,
Base: All respondents,,,,,,,,,,,,
,,Parental social grade ,,Ethnicity ,,,,,,Region ,,
,Total,ABC1,C2DE,Asian or Asian British,Black or Black British,Chinese,Mixed,White,Other,North,Midlands,South
Sig. Level: 95%,,a,b,c,d,*e,f,g,*h,i,j,k
Sig. Level: 99%,,A,B,C,D,*E,F,G,*H,I,J,K
Total,1052,614,367,85,50,10,35,836,21,306,299,447
,100%,100%,100%,100%,100%,100%,100%,100%,100%,100%,100%,100%
Very useful (5.0),360,208,135,36,21,4,12,278,7,105,113,142
,34%,34%,37%,42%,42%,40%,34%,33%,33%,34%,38%,32%
Somewhat useful (4.0),404,248,124,24,19,5,13,327,9,134,104,166
,38%,40%,34%,28%,38%,50%,37%,39%,43%,44%,35%,37%
,,b,,,,,,c,,j,,
Useful (3.0),212,118,79,19,4,0,9,170,5,49,63,100
,20%,19%,22%,22%,8%,0%,26%,20%,24%,16%,21%,22%
,,,,d,,,d,d,,,,i
Not particularly useful (2.0),52,27,22,4,3,0,1,44,0,15,15,22
,5%,4%,6%,5%,6%,0%,3%,5%,0%,5%,5%,5%
Not useful at all (1.0),12,5,5,1,3,0,0,7,0,1,3,8
,1%,1%,1%,1%,6%,0%,0%,1%,0%,*%,1%,2%
,,,,,G,,,,,,,
Don't know,12,8,2,1,0,1,0,10,0,2,1,9
,1%,1%,1%,1%,0%,10%,0%,1%,0%,1%,*%,2%
Mean,4.01,4.03,3.99,4.07,4.04,4.44,4.03,4,4.1,4.08,4.04,3.94
,,,,,,,,,,k,,
Std. dev.,0.9,0.9,1,1,1.1,0.5,0.9,0.9,0.8,0.9,0.9,1
"Columns Tested: A,B - C,D,E,F,G,H - I,J,K",,,,,,,,,,,,
08/11/11                                                                                                                              Page 98,,,,,,,,,,,,
York Consulting – Information to aid learner decisions – November 2010,,,,,,,,,,,,
 ,,,,,,,,,,,,
Q2.9 : How useful : Proportion of previous learners that were satisfied with the support and guidance they had received,,,,,,,,,,,,
Base: All respondents,,,,,,,,,,,,
,,Disability ,
,Total,Yes,No
Sig. Level: 95%,,a,b
Sig. Level: 99%,,A,B
Total,1052,219,800
,100%,100%,100%
Very useful (5.0),360,91,260
,34%,42%,33%
,,b,
Somewhat useful (4.0),404,73,315
,38%,33%,39%
Useful (3.0),212,36,169
,20%,16%,21%
Not particularly useful (2.0),52,12,39
,5%,5%,5%
Not useful at all (1.0),12,5,7
,1%,2%,1%,,,,,,,,,,,
Don't know,12,2,10,,,,,,,,,,,
,1%,1%,1%,,,,,,,,,,,
Mean,4.01,4.07,3.99,,,,,,,,,,,
Std. dev.,0.9,1,0.9,,,,,,,,,,,
"Columns Tested: A,B",,,,,,,,,,,,,,
08/11/11                                                                                                                              Page 99,,,,,,,,,,,,,,
York Consulting – Information to aid learner decisions – November 2010,,,,,,,,,,,,,,
 ,,,,,,,,,,,,,,
Q2.9 : How useful : Proportion of previous learners that were satisfied with the support and guidance they had received,,,,,,,,,,,,,,
Base: All respondents,,,,,,,,,,,,,,
,,Learning provider ,,,,,,,,,,,,
,Total,State 6th form,State school,Grammar,City academy,Private school,6th form college,FE college,HEI,Workplace,Training centre,Learndirect,Community centre,Other
Sig. Level: 95%,,a,b,c,*d,*e,f,g,*h,i,*j,*k,*l,*m
Sig. Level: 99%,,A,B,C,*D,*E,F,G,*H,I,*J,*K,*L,*M
Total,1052,150,285,68,19,2,157,197,10,95,26,6,8,26
,100%,100%,100%,100%,100%,100%,100%,100%,100%,100%,100%,100%,100%,100%
Very useful (5.0),360,52,91,19,5,1,53,79,4,30,10,2,4,10
,34%,35%,32%,28%,26%,50%,34%,40%,40%,32%,38%,33%,50%,38%
Somewhat useful (4.0),404,55,117,30,6,1,59,70,5,39,7,1,3,9
,38%,37%,41%,44%,32%,50%,38%,36%,50%,41%,27%,17%,38%,35%
Useful (3.0),212,29,58,16,2,0,34,36,0,21,7,3,0,5
,20%,19%,20%,24%,11%,0%,22%,18%,0%,22%,27%,50%,0%,19%
Not particularly useful (2.0),52,10,15,2,5,0,8,5,0,3,1,0,1,2
,5%,7%,5%,3%,26%,0%,5%,3%,0%,3%,4%,0%,13%,8%
Not useful at all (1.0),12,3,1,0,0,0,1,5,1,0,1,0,0,0
,1%,2%,*%,0%,0%,0%,1%,3%,10%,0%,4%,0%,0%,0%
,,,,,,,,b,,,,,,
Don't know,12,1,3,1,1,0,2,2,0,2,0,0,0,0
,1%,1%,1%,1%,5%,0%,1%,1%,0%,2%,0%,0%,0%,0%
Mean,4.01,3.96,4,3.99,3.61,4.5,4,4.09,4.1,4.03,3.92,3.83,4.25,4.04
Std. dev.,0.9,1,0.9,0.8,1.2,0.7,0.9,1,1.2,0.8,1.1,1,1,1
"Columns Tested: A,B,C,D,E,F,G,H,I,J,K,L,M",,,,,,,,,,,,
08/11/11                                                                                                                             Page 100,,,,,,,,,,,,
York Consulting – Information to aid learner decisions – November 2010,,,,,,,,,,,,
 ,,,,,,,,,,,,
Q2.10 : How useful : A description of the benefits that the course could provide for the learner (e.g. the types of skills and experience,,,,,,,,,,,,
that could be gained),,,,,,,,,,,,
Base: All respondents,,,,,,,,,,,,
,,Sample groups ,,,,,Gender ,,Age ,,,
,Total,Under 16s,Not white British,Those with a disability,Social grade C2DE,Baseline,Male,Female,Under 16,16 – 18,19 – 25,Over 25
Sig. Level: 95%,,a,b,c,d,e,f,g,h,i,j,k
Sig. Level: 99%,,A,B,C,D,E,F,G,H,I,J,K
Total,1052,246,253,219,367,296,294,758,246,504,99,203
,100%,100%,100%,100%,100%,100%,100%,100%,100%,100%,100%,100%
Very useful (5.0),479,118,128,110,174,121,122,357,118,215,43,103
,46%,48%,51%,50%,47%,41%,41%,47%,48%,43%,43%,51%
,,,e,e,,,,,,,,
Somewhat useful (4.0),324,74,66,62,105,99,94,230,74,155,37,58
,31%,30%,26%,28%,29%,33%,32%,30%,30%,31%,37%,29%
Useful (3.0),183,41,40,31,66,58,48,135,41,92,16,34
,17%,17%,16%,14%,18%,20%,16%,18%,17%,18%,16%,17%
Not particularly useful (2.0),43,10,14,10,14,9,20,23,10,25,2,6
,4%,4%,6%,5%,4%,3%,7%,3%,4%,5%,2%,3%
,,,,,,,G,,,,,
Not useful at all (1.0),14,0,4,5,7,5,7,7,0,11,1,2
,1%,0%,2%,2%,2%,2%,2%,1%,0%,2%,1%,1%
,,,a,a,a,a,,,,h,,
Don't know,9,3,1,1,1,4,3,6,3,6,0,0
,1%,1%,*%,*%,*%,1%,1%,1%,1%,1%,0%,0%
Mean,4.16,4.23,4.19,4.2,4.16,4.1,4.04,4.21,4.23,4.08,4.2,4.25
,,,,,,,,f,i,,,i
Std. dev.,0.9,0.9,1,1,1,0.9,1,0.9,0.9,1,0.9,0.9
"Columns Tested: A,B,C,D,E - F,G - H,I,J,K",,,,,,,,,,,,
08/11/11                                                                                                                             Page 101,,,,,,,,,,,,
York Consulting – Information to aid learner decisions – November 2010,,,,,,,,,,,,
 ,,,,,,,,,,,,
Q2.10 : How useful : A description of the benefits that the course could provide for the learner (e.g. the types of skills and experience,,,,,,,,,,,,
that could be gained),,,,,,,,,,,,
Base: All respondents,,,,,,,,,,,,
,,Parental social grade ,,Ethnicity ,,,,,,Region ,,
,Total,ABC1,C2DE,Asian or Asian British,Black or Black British,Chinese,Mixed,White,Other,North,Midlands,South
Sig. Level: 95%,,a,b,c,d,*e,f,g,*h,i,j,k
Sig. Level: 99%,,A,B,C,D,*E,F,G,*H,I,J,K
Total,1052,614,367,85,50,10,35,836,21,306,299,447
,100%,100%,100%,100%,100%,100%,100%,100%,100%,100%,100%,100%
Very useful (5.0),479,272,174,48,33,4,15,367,8,139,146,194
,46%,44%,47%,56%,66%,40%,43%,44%,38%,45%,49%,43%
,,,,g,fG,,,,,,,
Somewhat useful (4.0),324,197,105,23,8,3,9,272,5,102,85,137
,31%,32%,29%,27%,16%,30%,26%,33%,24%,33%,28%,31%
,,,,,,,,d,,,,
Useful (3.0),183,106,66,10,6,1,8,148,7,51,50,82
,17%,17%,18%,12%,12%,10%,23%,18%,33%,17%,17%,18%
Not particularly useful (2.0),43,26,14,3,1,2,3,30,1,9,13,21
,4%,4%,4%,4%,2%,20%,9%,4%,5%,3%,4%,5%
Not useful at all (1.0),14,6,7,1,1,0,0,11,0,3,4,7
,1%,1%,2%,1%,2%,0%,0%,1%,0%,1%,1%,2%
Don't know,9,7,1,0,1,0,0,8,0,2,1,6
,1%,1%,*%,0%,2%,0%,0%,1%,0%,1%,*%,1%
Mean,4.16,4.16,4.16,4.34,4.45,3.9,4.03,4.15,3.95,4.2,4.19,4.11
,,,,,g,,,,,,,
Std. dev.,0.9,0.9,1,0.9,0.9,1.2,1,0.9,1,0.9,1,1
"Columns Tested: A,B - C,D,E,F,G,H - I,J,K",,,,,,,,,,,,
08/11/11                                                                                                                             Page 102,,,,,,,,,,,,
York Consulting – Information to aid learner decisions – November 2010,,,,,,,,,,,,
 ,,,
Q2.10 : How useful : A description of the benefits that the course could provide for the learner (e.g. the types of skills and experience,,,
that could be gained),,,
Base: All respondents,,,
,,Disability ,
,Total,Yes,No
Sig. Level: 95%,,a,b
Sig. Level: 99%,,A,B
Total,1052,219,800
,100%,100%,100%
Very useful (5.0),479,110,354
,46%,50%,44%
Somewhat useful (4.0),324,62,252
,31%,28%,32%
Useful (3.0),183,31,145
,17%,14%,18%
Not particularly useful (2.0),43,10,33
,4%,5%,4%
Not useful at all (1.0),14,5,9
,1%,2%,1%
Don't know,9,1,7
,1%,*%,1%
Mean,4.16,4.2,4.15
Std. dev.,0.9,1,0.9
"Columns Tested: A,B",,,
08/11/11                                                                                                                             Page 103,,,
York Consulting – Information to aid learner decisions – November 2010,,,
 ,,,
Q2.10 : How useful : A description of the benefits that the course could provide for the learner (e.g. the types of skills and experience,,,
that could be gained),,,
Base: All respondents,,,
,,Learning provider ,
,Total,State 6th form,State school,Grammar,City academy,Private school,6th form college,FE college,HEI,Workplace,Training centre,Learndirect,Community centre,Other
Sig. Level: 95%,,a,b,c,*d,*e,f,g,*h,i,*j,*k,*l,*m
Sig. Level: 99%,,A,B,C,*D,*E,F,G,*H,I,*J,*K,*L,*M
Total,1052,150,285,68,19,2,157,197,10,95,26,6,8,26
,100%,100%,100%,100%,100%,100%,100%,100%,100%,100%,100%,100%,100%,100%
Very useful (5.0),479,65,133,32,9,1,58,94,5,47,15,2,5,13
,46%,43%,47%,47%,47%,50%,37%,48%,50%,49%,58%,33%,63%,50%
,,,f,,,,,f,,,,,,
Somewhat useful (4.0),324,40,85,19,5,1,59,61,4,29,6,2,2,10
,31%,27%,30%,28%,26%,50%,38%,31%,40%,31%,23%,33%,25%,38%
,,,,,,,a,,,,,,,
Useful (3.0),183,29,46,14,3,0,32,33,1,15,4,1,0,3
,17%,19%,16%,21%,16%,0%,20%,17%,10%,16%,15%,17%,0%,12%
Not particularly useful (2.0),43,10,17,1,2,0,5,4,0,3,0,1,0,0
,4%,7%,6%,1%,11%,0%,3%,2%,0%,3%,0%,17%,0%,0%
,,g,g,,,,,,,,,,,
Not useful at all (1.0),14,3,2,1,0,0,2,4,0,0,1,0,1,0
,1%,2%,1%,1%,0%,0%,1%,2%,0%,0%,4%,0%,13%,0%
Don't know,9,3,2,1,0,0,1,1,0,1,0,0,0,0
,1%,2%,1%,1%,0%,0%,1%,1%,0%,1%,0%,0%,0%,0%
Mean,4.16,4.05,4.17,4.19,4.11,4.5,4.06,4.21,4.4,4.28,4.31,3.83,4.25,4.38
Std. dev.,0.9,1,1,0.9,1,0.7,0.9,0.9,0.7,0.8,1,1.2,1.4,0.7
"Columns Tested: A,B,C,D,E,F,G,H,I,J,K,L,M",,,,,,,,,,,,,,
08/11/11                                                                                                                             Page 104,,,,,,,,,,,,,,
York Consulting – Information to aid learner decisions – November 2010,,,,,,,,,,,,,,
 ,,,,,,,,,,,,,,
Q3 Summary : We are interested in how useful you would find it to know about how well other learners on the course/programme had succeeded,,,,,,,,,,,,,,
when you were making a decision about where and what to study.,,,,,,,,,,,,,,
Please rate how useful you would find the following information:,,,,,,,,,,,,,,
Base: All respondents,,,,,,,,,,,,,,
,SUMMARY,,,,,,,,,,,,,
,Proportion of learners that had previously dropped out of the course/programme,"What learners who had previously been on the course/programme went on to do afterwards (e.g. jobs, further study)","What learners who had previously been on the course/programme had achieved (e.g. grades, qualifications)",Changes in salary after completing the course/programme for students who previously had a job,,,,,,,,,,
Sig. Level: 95%,a,b,c,d
Sig. Level: 99%,A,B,C,D
Total,1052,1052,1052,1052
,100%,100%,100%,100%
Very useful (5.0),219,507,470,406
,21%,48%,45%,39%
,,AD,AD,A
Somewhat useful (4.0),321,320,336,343
,31%,30%,32%,33%
Useful (3.0),211,149,151,185
,20%,14%,14%,18%
,BC,,,bc
Not particularly useful (2.0),228,47,69,76
,22%,4%,7%,7%
,BCD,,b,B
Not useful at all (1.0),51,19,19,26
,5%,2%,2%,2%,,,,,,,,
,BCD,,,,,,,,,,,
Don't know,22,10,7,16,,,,,,,,
,2%,1%,1%,2%,,,,,,,,
,bC,,,,,,,,,,,
Mean,3.42,4.2,4.12,3.99,,,,,,,,
,,AD,AD,A,,,,,,,,
Std. dev.,1.2,1,1,1,,,,,,,,
"Columns Tested: A,B,C,D",,,,,,,,,,,,
08/11/11                                                                                                                             Page 105,,,,,,,,,,,,
York Consulting – Information to aid learner decisions – November 2010,,,,,,,,,,,,
 ,,,,,,,,,,,,
Q3a : Which would you find the most useful?,,,,,,,,,,,,
Base: All those who said that at least one of the items from the list was useful,,,,,,,,,,,,
,,Sample groups ,,,,,Gender ,,Age ,,,
,Total,Under 16s,Not white British,Those with a disability,Social grade C2DE,Baseline,Male,Female,Under 16,16 – 18,19 – 25,Over 25
Sig. Level: 95%,,a,b,c,d,e,f,g,h,i,j,k
Sig. Level: 99%,,A,B,C,D,E,F,G,H,I,J,K
Total,1017,235,248,208,350,288,280,737,235,495,97,190
,100%,100%,100%,100%,100%,100%,100%,100%,100%,100%,100%,100%
"What learners who had previously been on the course/programme went on to do afterwards (e.g. jobs, further study)",498,95,120,100,174,156,131,367,95,269,46,88
,49%,40%,48%,48%,50%,54%,47%,50%,40%,54%,47%,46%
,,,,,a,A,,,,H,,
"What learners who had previously been on the course/programme had achieved (e.g. grades, qualifications)",292,85,71,57,109,69,67,225,85,125,29,53
,29%,36%,29%,27%,31%,24%,24%,31%,36%,25%,30%,28%
,,cE,,,e,,,f,I,,,
Changes in salary after completing the course/programme for students who previously had a job,138,38,34,27,42,36,43,95,38,61,7,32
,14%,16%,14%,13%,12%,13%,15%,13%,16%,12%,7%,17%
,,,,,,,,,j,,,j
Proportion of learners that had previously dropped out of the course/programme,89,17,23,24,25,27,39,50,17,40,15,17
,9%,7%,9%,12%,7%,9%,14%,7%,7%,8%,15%,9%
,,,,,,,G,,,,hi,
"Columns Tested: A,B,C,D,E - F,G - H,I,J,K",,,,,,,,,,,,
08/11/11                                                                                                                             Page 106,,,,,,,,,,,,
York Consulting – Information to aid learner decisions – November 2010,,,,,,,,,,,,
 ,,,,,,,,,,,,
Q3a : Which would you find the most useful?,,,,,,,,,,,,
Base: All those who said that at least one of the items from the list was useful,,,,,,,,,,,,
,,Parental social grade ,,Ethnicity ,,,,,,Region ,,
,Total,ABC1,C2DE,Asian or Asian British,Black or Black British,Chinese,Mixed,White,Other,North,Midlands,South
Sig. Level: 95%,,a,b,c,d,*e,f,g,*h,i,j,k
Sig. Level: 99%,,A,B,C,D,*E,F,G,*H,I,J,K
Total,1017,599,350,83,48,10,35,806,21,293,292,432
,100%,100%,100%,100%,100%,100%,100%,100%,100%,100%,100%,100%
"What learners who had previously been on the course/programme went on to do afterwards (e.g. jobs, further study)",498,294,174,43,23,4,18,398,7,133,156,209
,49%,49%,50%,52%,48%,40%,51%,49%,33%,45%,53%,48%
"What learners who had previously been on the course/programme had achieved (e.g. grades, qualifications)",292,163,109,23,14,3,9,232,8,94,72,126
,29%,27%,31%,28%,29%,30%,26%,29%,38%,32%,25%,29%
,,,,,,,,,,j,,
Changes in salary after completing the course/programme for students who previously had a job,138,86,42,7,9,2,5,109,4,42,39,57
,14%,14%,12%,8%,19%,20%,14%,14%,19%,14%,13%,13%
Proportion of learners that had previously dropped out of the course/programme,89,56,25,10,2,1,3,67,2,24,25,40
,9%,9%,7%,12%,4%,10%,9%,8%,10%,8%,9%,9%
"Columns Tested: A,B - C,D,E,F,G,H - I,J,K",,,,,,,,,,,,
08/11/11                                                                                                                             Page 107,,,,,,,,,,,,
York Consulting – Information to aid learner decisions – November 2010,,,,,,,,,,,,
 ,,,,,,,,,,,,
Q3a : Which would you find the most useful?,,,,,,,,,,,,
Base: All those who said that at least one of the items from the list was useful,,,,,,,,,,,,
,,Disability ,,,,,,,,,,
,Total,Yes,No,,,,,,,,,
Sig. Level: 95%,,a,b,,,,,,,,,
Sig. Level: 99%,,A,B,,,,,,,,,
Total,1017,208,777,,,,,,,,,
,100%,100%,100%
"What learners who had previously been on the course/programme went on to do afterwards (e.g. jobs, further study)",498,100,385
,49%,48%,50%
"What learners who had previously been on the course/programme had achieved (e.g. grades, qualifications)",292,57,229
,29%,27%,29%
Changes in salary after completing the course/programme for students who previously had a job,138,27,103
,14%,13%,13%
Proportion of learners that had previously dropped out of the course/programme,89,24,60
,9%,12%,8%
"Columns Tested: A,B",,,
08/11/11                                                                                                                             Page 108,,,
York Consulting – Information to aid learner decisions – November 2010,,,
 ,,,
Q3a : Which would you find the most useful?,,,
Base: All those who said that at least one of the items from the list was useful,,,
,,Learning provider ,
,Total,State 6th form,State school,Grammar,City academy,Private school,6th form college,FE college,HEI,Workplace,Training centre,Learndirect,Community centre,Other
Sig. Level: 95%,,a,b,c,*d,*e,f,g,*h,i,*j,*k,*l,*m
Sig. Level: 99%,,A,B,C,*D,*E,F,G,*H,I,*J,*K,*L,*M
Total,1017,147,278,67,16,2,155,189,10,90,25,4,7,24
,100%,100%,100%,100%,100%,100%,100%,100%,100%,100%,100%,100%,100%,100%
"What learners who had previously been on the course/programme went on to do afterwards (e.g. jobs, further study)",498,83,118,33,9,1,97,87,6,32,13,2,3,12
,49%,56%,42%,49%,56%,50%,63%,46%,60%,36%,52%,50%,43%,50%
,,BI,,,,,BGI,,,,,,,
"What learners who had previously been on the course/programme had achieved (e.g. grades, qualifications)",292,36,101,18,4,1,28,58,0,31,8,1,1,4
,29%,24%,36%,27%,25%,50%,18%,31%,0%,34%,32%,25%,14%,17%
,,,aF,,,,,F,,F,,,,
Changes in salary after completing the course/programme for students who previously had a job,138,21,34,13,3,0,15,24,2,20,2,1,1,2
,14%,14%,12%,19%,19%,0%,10%,13%,20%,22%,8%,25%,14%,8%
,,,,f,,,,,,bFg,,,,
Proportion of learners that had previously dropped out of the course/programme,89,7,25,3,0,0,15,20,2,7,2,0,2,6
,9%,5%,9%,4%,0%,0%,10%,11%,20%,8%,8%,0%,29%,25%
"Columns Tested: A,B,C,D,E,F,G,H,I,J,K,L,M",,,,,,,,,,,,
08/11/11                                                                                                                             Page 109,,,,,,,,,,,,
York Consulting – Information to aid learner decisions – November 2010,,,,,,,,,,,,
 ,,,,,,,,,,,,
Q3.2 : How useful : Proportion of learners that had previously dropped out of the course/programme,,,,,,,,,,,,
Base: All respondents,,,,,,,,,,,,
,,Sample groups ,,,,,Gender ,,Age ,,,
,Total,Under 16s,Not white British,Those with a disability,Social grade C2DE,Baseline,Male,Female,Under 16,16 – 18,19 – 25,Over 25
Sig. Level: 95%,,a,b,c,d,e,f,g,h,i,j,k
Sig. Level: 99%,,A,B,C,D,E,F,G,H,I,J,K
Total,1052,246,253,219,367,296,294,758,246,504,99,203
,100%,100%,100%,100%,100%,100%,100%,100%,100%,100%,100%,100%
Very useful (5.0),219,53,70,46,79,49,60,159,53,104,20,42
,21%,22%,28%,21%,22%,17%,20%,21%,22%,21%,20%,21%
,,,E,,,,,,,,,
Somewhat useful (4.0),321,70,67,76,102,105,94,227,70,154,32,65
,31%,28%,26%,35%,28%,35%,32%,30%,28%,31%,32%,32%
,,,,,,bd,,,,,,
Useful (3.0),211,55,58,42,68,53,62,149,55,96,24,36
,20%,22%,23%,19%,19%,18%,21%,20%,22%,19%,24%,18%
Not particularly useful (2.0),228,48,42,38,89,70,60,168,48,113,18,49
,22%,20%,17%,17%,24%,24%,20%,22%,20%,22%,18%,24%
,,,,,b,b,,,,,,
Not useful at all (1.0),51,11,11,11,22,15,10,41,11,31,3,6
,5%,4%,4%,5%,6%,5%,3%,5%,4%,6%,3%,3%
Don't know,22,9,5,6,7,4,8,14,9,6,2,5
,2%,4%,2%,3%,2%,1%,3%,2%,4%,1%,2%,2%
,,,,,,,,,i,,,
Mean,3.42,3.45,3.58,3.51,3.35,3.35,3.47,3.4,3.45,3.38,3.49,3.44
,,,de,,,,,,,,,
Std. dev.,1.2,1.2,1.2,1.2,1.2,1.2,1.1,1.2,1.2,1.2,1.1,1.2
"Columns Tested: A,B,C,D,E - F,G - H,I,J,K",,,,,,,,,,,,
08/11/11                                                                                                                             Page 110,,,,,,,,,,,,
York Consulting – Information to aid learner decisions – November 2010,,,,,,,,,,,,
 ,,,,,,,,,,,,
Q3.2 : How useful : Proportion of learners that had previously dropped out of the course/programme,,,,,,,,,,,,
Base: All respondents,,,,,,,,,,,,
,,Parental social grade ,,Ethnicity ,,,,,,Region ,,
,Total,ABC1,C2DE,Asian or Asian British,Black or Black British,Chinese,Mixed,White,Other,North,Midlands,South
Sig. Level: 95%,,a,b,c,d,*e,f,g,*h,i,j,k
Sig. Level: 99%,,A,B,C,D,*E,F,G,*H,I,J,K
Total,1052,614,367,85,50,10,35,836,21,306,299,447
,100%,100%,100%,100%,100%,100%,100%,100%,100%,100%,100%,100%
Very useful (5.0),219,128,79,21,16,2,11,157,8,52,78,89
,21%,21%,22%,25%,32%,20%,31%,19%,38%,17%,26%,20%
,,,,,g,,,,,,Ik,
Somewhat useful (4.0),321,191,102,23,8,3,9,270,4,95,89,137
,31%,31%,28%,27%,16%,30%,26%,32%,19%,31%,30%,31%
,,,,,,,,d,,,,
Useful (3.0),211,131,68,18,9,4,6,164,7,64,54,93
,20%,21%,19%,21%,18%,40%,17%,20%,33%,21%,18%,21%
Not particularly useful (2.0),228,123,89,16,11,1,6,188,2,71,58,99
,22%,20%,24%,19%,22%,10%,17%,22%,10%,23%,19%,22%
Not useful at all (1.0),51,28,22,3,5,0,3,40,0,15,14,22
,5%,5%,6%,4%,10%,0%,9%,5%,0%,5%,5%,5%
Don't know,22,13,7,4,1,0,0,17,0,9,6,7
,2%,2%,2%,5%,2%,0%,0%,2%,0%,3%,2%,2%
Mean,3.42,3.45,3.35,3.53,3.39,3.6,3.54,3.39,3.86,3.33,3.54,3.39
,,,,,,,,,,,i,
Std. dev.,1.2,1.2,1.2,1.2,1.4,1,1.3,1.2,1.1,1.2,1.2,1.2
"Columns Tested: A,B - C,D,E,F,G,H - I,J,K",,,,,,,,,,,,
08/11/11                                                                                                                             Page 111,,,,,,,,,,,,
York Consulting – Information to aid learner decisions – November 2010,,,,,,,,,,,,
 ,,,,,,,,,,,,
Q3.2 : How useful : Proportion of learners that had previously dropped out of the course/programme,,,
Base: All respondents,,,
,,Disability ,
,Total,Yes,No
Sig. Level: 95%,,a,b
Sig. Level: 99%,,A,B
Total,1052,219,800
,100%,100%,100%
Very useful (5.0),219,46,165
,21%,21%,21%
Somewhat useful (4.0),321,76,236
,31%,35%,30%
Useful (3.0),211,42,159
,20%,19%,20%
Not particularly useful (2.0),228,38,185
,22%,17%,23%
Not useful at all (1.0),51,11,39,,,,,,,,,,,
,5%,5%,5%,,,,,,,,,,,
Don't know,22,6,16,,,,,,,,,,,
,2%,3%,2%,,,,,,,,,,,
Mean,3.42,3.51,3.39,,,,,,,,,,,
Std. dev.,1.2,1.2,1.2,,,,,,,,,,,
"Columns Tested: A,B",,,,,,,,,,,,,,
08/11/11                                                                                                                             Page 112,,,,,,,,,,,,,,
York Consulting – Information to aid learner decisions – November 2010,,,,,,,,,,,,,,
 ,,,,,,,,,,,,,,
Q3.2 : How useful : Proportion of learners that had previously dropped out of the course/programme,,,,,,,,,,,,,,
Base: All respondents,,,,,,,,,,,,,,
,,Learning provider ,,,,,,,,,,,,
,Total,State 6th form,State school,Grammar,City academy,Private school,6th form college,FE college,HEI,Workplace,Training centre,Learndirect,Community centre,Other
Sig. Level: 95%,,a,b,c,*d,*e,f,g,*h,i,*j,*k,*l,*m
Sig. Level: 99%,,A,B,C,*D,*E,F,G,*H,I,*J,*K,*L,*M
Total,1052,150,285,68,19,2,157,197,10,95,26,6,8,26
,100%,100%,100%,100%,100%,100%,100%,100%,100%,100%,100%,100%,100%,100%
Very useful (5.0),219,29,68,12,6,0,29,41,3,16,3,2,4,5
,21%,19%,24%,18%,32%,0%,18%,21%,30%,17%,12%,33%,50%,19%
Somewhat useful (4.0),321,47,76,23,4,0,54,61,3,30,8,1,2,11
,31%,31%,27%,34%,21%,0%,34%,31%,30%,32%,31%,17%,25%,42%
Useful (3.0),211,24,67,16,2,0,32,41,0,17,8,0,1,3
,20%,16%,24%,24%,11%,0%,20%,21%,0%,18%,31%,0%,13%,12%
Not particularly useful (2.0),228,41,52,12,2,2,35,41,3,27,5,3,0,5
,22%,27%,18%,18%,11%,100%,22%,21%,30%,28%,19%,50%,0%,19%
,,b,,,,,,,,b,,,,
Not useful at all (1.0),51,9,13,3,3,0,7,7,1,3,2,0,1,1
,5%,6%,5%,4%,16%,0%,4%,4%,10%,3%,8%,0%,13%,4%
Don't know,22,0,9,2,2,0,0,6,0,2,0,0,0,1
,2%,0%,3%,3%,11%,0%,0%,3%,0%,2%,0%,0%,0%,4%
,,,af,af,,,,af,,,,,,
Mean,3.42,3.31,3.49,3.44,3.47,2,3.4,3.46,3.4,3.31,3.19,3.33,4,3.56
Std. dev.,1.2,1.2,1.2,1.1,1.5,0,1.2,1.2,1.5,1.2,1.1,1.5,1.4,1.2
"Columns Tested: A,B,C,D,E,F,G,H,I,J,K,L,M",,,,,,,,,,,,,,
08/11/11                                                                                                                             Page 113,,,,,,,,,,,,,,
York Consulting – Information to aid learner decisions – November 2010,,,,,,,,,,,,,,
 ,,,,,,,,,,,,,,
"Q3.3 : How useful : What learners who had previously been on the course/programme went on to do afterwards (e.g. jobs, further study)",,,,,,,,,,,,,,
Base: All respondents,,,,,,,,,,,,,,
,,Sample groups ,,,,,Gender ,,Age ,,,,,
,Total,Under 16s,Not white British,Those with a disability,Social grade C2DE,Baseline,Male,Female,Under 16,16 – 18,19 – 25,Over 25,,
Sig. Level: 95%,,a,b,c,d,e,f,g,h,i,j,k,,
Sig. Level: 99%,,A,B,C,D,E,F,G,H,I,J,K,,
Total,1052,246,253,219,367,296,294,758,246,504,99,203,,
,100%,100%,100%,100%,100%,100%,100%,100%,100%,100%,100%,100%,,
Very useful (5.0),507,111,138,107,176,134,130,377,111,268,47,81,,
,48%,45%,55%,49%,48%,45%,44%,50%,45%,53%,47%,40%,,
,,,ae,,,,,,,hK,,
Somewhat useful (4.0),320,83,71,63,105,99,94,226,83,148,28,61
,30%,34%,28%,29%,29%,33%,32%,30%,34%,29%,28%,30%
Useful (3.0),149,32,37,25,51,49,44,105,32,64,16,37
,14%,13%,15%,11%,14%,17%,15%,14%,13%,13%,16%,18%
Not particularly useful (2.0),47,11,4,17,22,8,16,31,11,13,5,18
,4%,4%,2%,8%,6%,3%,5%,4%,4%,3%,5%,9%
,,,,BE,Be,,,,,,,I
Not useful at all (1.0),19,4,2,5,11,3,6,13,4,9,3,3
,2%,2%,1%,2%,3%,1%,2%,2%,2%,2%,3%,1%
Don't know,10,5,1,2,2,3,4,6,5,2,0,3
,1%,2%,*%,1%,1%,1%,1%,1%,2%,*%,0%,1%
,,,,,,,,,i,,,
Mean,4.2,4.19,4.35,4.15,4.13,4.2,4.12,4.23,4.19,4.3,4.12,4
,,,acD,,,,,,k,K,,
Std. dev.,1,0.9,0.8,1.1,1.1,0.9,1,1,0.9,0.9,1.1,1
"Columns Tested: A,B,C,D,E - F,G - H,I,J,K",,,,,,,,,,,,
08/11/11                                                                                                                             Page 114,,,,,,,,,,,,
York Consulting – Information to aid learner decisions – November 2010,,,,,,,,,,,,
 ,,,,,,,,,,,,
"Q3.3 : How useful : What learners who had previously been on the course/programme went on to do afterwards (e.g. jobs, further study)",,,,,,,,,,,,
Base: All respondents,,,,,,,,,,,,
,,Parental social grade ,,Ethnicity ,,,,,,Region ,,
,Total,ABC1,C2DE,Asian or Asian British,Black or Black British,Chinese,Mixed,White,Other,North,Midlands,South
Sig. Level: 95%,,a,b,c,d,*e,f,g,*h,i,j,k
Sig. Level: 99%,,A,B,C,D,*E,F,G,*H,I,J,K
Total,1052,614,367,85,50,10,35,836,21,306,299,447
,100%,100%,100%,100%,100%,100%,100%,100%,100%,100%,100%,100%
Very useful (5.0),507,303,176,49,32,4,18,390,10,145,159,203
,48%,49%,48%,58%,64%,40%,51%,47%,48%,47%,53%,45%
,,,,,g,,,,,,k,
Somewhat useful (4.0),320,185,105,24,11,3,13,261,4,97,85,138
,30%,30%,29%,28%,22%,30%,37%,31%,19%,32%,28%,31%
Useful (3.0),149,88,51,10,5,3,4,115,6,41,32,76
,14%,14%,14%,12%,10%,30%,11%,14%,29%,13%,11%,17%
,,,,,,,,,,,,j
Not particularly useful (2.0),47,23,22,2,0,0,0,44,0,14,14,19
,4%,4%,6%,2%,0%,0%,0%,5%,0%,5%,5%,4%
Not useful at all (1.0),19,8,11,0,1,0,0,17,1,8,4,7
,2%,1%,3%,0%,2%,0%,0%,2%,5%,3%,1%,2%
Don't know,10,7,2,0,1,0,0,9,0,1,5,4
,1%,1%,1%,0%,2%,0%,0%,1%,0%,*%,2%,1%
Mean,4.2,4.24,4.13,4.41,4.49,4.1,4.4,4.16,4.05,4.17,4.3,4.15
,,,,g,g,,,,,,k,
Std. dev.,1,0.9,1.1,0.8,0.8,0.9,0.7,1,1.1,1,0.9,1
"Columns Tested: A,B - C,D,E,F,G,H - I,J,K",,,,,,,,,,,,
08/11/11                                                                                                                             Page 115,,,,,,,,,,,,
York Consulting – Information to aid learner decisions – November 2010,,,,,,,,,,,,
 ,,,
"Q3.3 : How useful : What learners who had previously been on the course/programme went on to do afterwards (e.g. jobs, further study)",,,
Base: All respondents,,,
,,Disability ,
,Total,Yes,No
Sig. Level: 95%,,a,b
Sig. Level: 99%,,A,B
Total,1052,219,800
,100%,100%,100%
Very useful (5.0),507,107,388
,48%,49%,49%
Somewhat useful (4.0),320,63,245
,30%,29%,31%
Useful (3.0),149,25,117
,14%,11%,15%
Not particularly useful (2.0),47,17,29
,4%,8%,4%,,,,,,,,,,,
,,B,,,,,,,,,,,,
Not useful at all (1.0),19,5,13,,,,,,,,,,,
,2%,2%,2%,,,,,,,,,,,
Don't know,10,2,8,,,,,,,,,,,
,1%,1%,1%,,,,,,,,,,,
Mean,4.2,4.15,4.22,,,,,,,,,,,
Std. dev.,1,1.1,0.9,,,,,,,,,,,
"Columns Tested: A,B",,,,,,,,,,,,,,
08/11/11                                                                                                                             Page 116,,,,,,,,,,,,,,
York Consulting – Information to aid learner decisions – November 2010,,,,,,,,,,,,,,
 ,,,,,,,,,,,,,,
"Q3.3 : How useful : What learners who had previously been on the course/programme went on to do afterwards (e.g. jobs, further study)",,,,,,,,,,,,,,
Base: All respondents,,,,,,,,,,,,,,
,,Learning provider ,,,,,,,,,,,,
,Total,State 6th form,State school,Grammar,City academy,Private school,6th form college,FE college,HEI,Workplace,Training centre,Learndirect,Community centre,Other
Sig. Level: 95%,,a,b,c,*d,*e,f,g,*h,i,*j,*k,*l,*m
Sig. Level: 99%,,A,B,C,*D,*E,F,G,*H,I,*J,*K,*L,*M
Total,1052,150,285,68,19,2,157,197,10,95,26,6,8,26
,100%,100%,100%,100%,100%,100%,100%,100%,100%,100%,100%,100%,100%,100%
Very useful (5.0),507,76,131,38,10,1,88,92,8,34,10,2,4,11
,48%,51%,46%,56%,53%,50%,56%,47%,80%,36%,38%,33%,50%,42%
,,i,,i,,,bI,,,,,,,
Somewhat useful (4.0),320,35,101,19,6,0,45,64,2,26,12,1,1,7
,30%,23%,35%,28%,32%,0%,29%,32%,20%,27%,46%,17%,13%,27%
,,,A,,,,,,,,,,,
Useful (3.0),149,28,35,8,0,1,19,24,0,23,3,1,1,6
,14%,19%,12%,12%,0%,50%,12%,12%,0%,24%,12%,17%,13%,23%
,,,,,,,,,,BcfG,,,,
Not particularly useful (2.0),47,9,8,1,1,0,3,11,0,10,0,2,1,1
,4%,6%,3%,1%,5%,0%,2%,6%,0%,11%,0%,33%,13%,4%
,,,,,,,,,,BcF,,,,
Not useful at all (1.0),19,2,4,2,2,0,2,4,0,1,1,0,1,0
,2%,1%,1%,3%,11%,0%,1%,2%,0%,1%,4%,0%,13%,0%
Don't know,10,0,6,0,0,0,0,2,0,1,0,0,0,1
,1%,0%,2%,0%,0%,0%,0%,1%,0%,1%,0%,0%,0%,4%
Mean,4.2,4.16,4.24,4.32,4.11,4,4.36,4.17,4.8,3.87,4.15,3.5,3.75,4.12
,,i,I,I,,,I,i,,,,,,
Std. dev.,1,1,0.9,1,1.3,1.4,0.9,1,0.4,1.1,0.9,1.4,1.6,0.9
"Columns Tested: A,B,C,D,E,F,G,H,I,J,K,L,M",,,,,,,,,,,,,,
08/11/11                                                                                                                             Page 117,,,,,,,,,,,,,,
York Consulting – Information to aid learner decisions – November 2010,,,,,,,,,,,,,,
 ,,,,,,,,,,,,,,
"Q3.4 : How useful : What learners who had previously been on the course/programme had achieved (e.g. grades, qualifications)",,,,,,,,,,,,,,
Base: All respondents,,,,,,,,,,,,,,
,,Sample groups ,,,,,Gender ,,Age ,,,,,
,Total,Under 16s,Not white British,Those with a disability,Social grade C2DE,Baseline,Male,Female,Under 16,16 – 18,19 – 25,Over 25,,
Sig. Level: 95%,,a,b,c,d,e,f,g,h,i,j,k,,
Sig. Level: 99%,,A,B,C,D,E,F,G,H,I,J,K
Total,1052,246,253,219,367,296,294,758,246,504,99,203
,100%,100%,100%,100%,100%,100%,100%,100%,100%,100%,100%,100%
Very useful (5.0),470,130,126,99,157,113,121,349,130,235,41,64
,45%,53%,50%,45%,43%,38%,41%,46%,53%,47%,41%,32%
,,dE,E,,,,,,K,K,,
Somewhat useful (4.0),336,67,76,70,110,112,97,239,67,166,24,79
,32%,27%,30%,32%,30%,38%,33%,32%,27%,33%,24%,39%
,,,,,,Ad,,,,,,Hj
Useful (3.0),151,28,33,26,64,48,45,106,28,63,26,34
,14%,11%,13%,12%,17%,16%,15%,14%,11%,13%,26%,17%
,,,,,a,,,,,,HI,
Not particularly useful (2.0),69,13,16,18,26,16,23,46,13,31,7,18
,7%,5%,6%,8%,7%,5%,8%,6%,5%,6%,7%,9%
Not useful at all (1.0),19,4,1,4,9,5,5,14,4,8,1,6
,2%,2%,*%,2%,2%,2%,2%,2%,2%,2%,1%,3%
,,,,,b,,,,,,,
Don't know,7,4,1,2,1,2,3,4,4,1,0,2
,1%,2%,*%,1%,*%,1%,1%,1%,2%,*%,0%,1%
,,,,,,,,,i,,,
Mean,4.12,4.26,4.23,4.12,4.04,4.06,4.05,4.14,4.26,4.17,3.98,3.88
,,De,de,,,,,,jK,K,,
Std. dev.,1,1,0.9,1,1.1,1,1,1,1,1,1,1.1
"Columns Tested: A,B,C,D,E - F,G - H,I,J,K",,,,,,,,,,,,
08/11/11                                                                                                                             Page 118,,,,,,,,,,,,
York Consulting – Information to aid learner decisions – November 2010,,,,,,,,,,,,
 ,,,,,,,,,,,,
"Q3.4 : How useful : What learners who had previously been on the course/programme had achieved (e.g. grades, qualifications)",,,,,,,,,,,,
Base: All respondents,,,,,,,,,,,,
,,Parental social grade ,,Ethnicity ,,,,,,Region ,,
,Total,ABC1,C2DE,Asian or Asian British,Black or Black British,Chinese,Mixed,White,Other,North,Midlands,South
Sig. Level: 95%,,a,b,c,d,*e,f,g,*h,i,j,k
Sig. Level: 99%,,A,B,C,D,*E,F,G,*H,I,J,K
Total,1052,614,367,85,50,10,35,836,21,306,299,447
,100%,100%,100%,100%,100%,100%,100%,100%,100%,100%,100%,100%
Very useful (5.0),470,284,157,45,25,4,22,364,6,123,149,198
,45%,46%,43%,53%,50%,40%,63%,44%,29%,40%,50%,44%
,,,,,,,g,,,,i,
Somewhat useful (4.0),336,200,110,22,14,3,8,274,9,108,91,137
,32%,33%,30%,26%,28%,30%,23%,33%,43%,35%,30%,31%
Useful (3.0),151,77,64,12,5,1,4,119,6,47,33,71
,14%,13%,17%,14%,10%,10%,11%,14%,29%,15%,11%,16%
,,,a,,,,,,,,,
Not particularly useful (2.0),69,39,26,6,4,2,1,55,0,21,16,32
,7%,6%,7%,7%,8%,20%,3%,7%,0%,7%,5%,7%
Not useful at all (1.0),19,9,9,0,1,0,0,18,0,6,7,6
,2%,1%,2%,0%,2%,0%,0%,2%,0%,2%,2%,1%
Don't know,7,5,1,0,1,0,0,6,0,1,3,3
,1%,1%,*%,0%,2%,0%,0%,1%,0%,*%,1%,1%
Mean,4.12,4.17,4.04,4.25,4.18,3.9,4.46,4.1,4,4.05,4.21,4.1
,,,,,,,g,,,,,
Std. dev.,1,1,1.1,1,1.1,1.2,0.8,1,0.8,1,1,1
"Columns Tested: A,B - C,D,E,F,G,H - I,J,K",,,,,,,,,,,,
08/11/11                                                                                                                             Page 119,,,,,,,,,,,,
York Consulting – Information to aid learner decisions – November 2010,,,,,,,,,,,,
 ,,,,,,,,,,,,
"Q3.4 : How useful : What learners who had previously been on the course/programme had achieved (e.g. grades, qualifications)",,,,,,,,,,,,
Base: All respondents,,,,,,,,,,,,
,,Disability ,,,,,,,,,,
,Total,Yes,No,,,,,,,,,
Sig. Level: 95%,,a,b,,,,,,,,,
Sig. Level: 99%,,A,B,,,,,,,,,
Total,1052,219,800,,,,,,,,,
,100%,100%,100%,,,,,,,,,
Very useful (5.0),470,99,358
,45%,45%,45%
Somewhat useful (4.0),336,70,256
,32%,32%,32%
Useful (3.0),151,26,116
,14%,12%,15%
Not particularly useful (2.0),69,18,50
,7%,8%,6%
Not useful at all (1.0),19,4,15
,2%,2%,2%
Don't know,7,2,5
,1%,1%,1%
Mean,4.12,4.12,4.12
Std. dev.,1,1,1
"Columns Tested: A,B",,,
08/11/11                                                                                                                             Page 120,,,
York Consulting – Information to aid learner decisions – November 2010,,,,,,,,,,,,,,
 ,,,,,,,,,,,,,,
"Q3.4 : How useful : What learners who had previously been on the course/programme had achieved (e.g. grades, qualifications)",,,,,,,,,,,,,,
Base: All respondents,,,,,,,,,,,,,,
,,Learning provider ,,,,,,,,,,,,
,Total,State 6th form,State school,Grammar,City academy,Private school,6th form college,FE college,HEI,Workplace,Training centre,Learndirect,Community centre,Other
Sig. Level: 95%,,a,b,c,*d,*e,f,g,*h,i,*j,*k,*l,*m
Sig. Level: 99%,,A,B,C,*D,*E,F,G,*H,I,*J,*K,*L,*M
Total,1052,150,285,68,19,2,157,197,10,95,26,6,8,26
,100%,100%,100%,100%,100%,100%,100%,100%,100%,100%,100%,100%,100%,100%
Very useful (5.0),470,69,153,32,11,1,71,72,7,28,10,3,4,7
,45%,46%,54%,47%,58%,50%,45%,37%,70%,29%,38%,50%,50%,27%
,,i,GI,i,,,i,,,,,,,
Somewhat useful (4.0),336,43,82,26,4,1,47,75,2,30,12,0,2,12
,32%,29%,29%,38%,21%,50%,30%,38%,20%,32%,46%,0%,25%,46%
,,,,,,,,b,,,,,,
Useful (3.0),151,25,29,5,1,0,27,31,0,25,3,0,0,4
,14%,17%,10%,7%,5%,0%,17%,16%,0%,26%,12%,0%,0%,15%
,,,,,,,b,,,BCg,,,,
Not particularly useful (2.0),69,12,13,5,1,0,10,11,1,11,0,3,1,1
,7%,8%,5%,7%,5%,0%,6%,6%,10%,12%,0%,50%,13%,4%
,,,,,,,,,,b,,,,
Not useful at all (1.0),19,1,4,0,2,0,2,6,0,1,1,0,1,1
,2%,1%,1%,0%,11%,0%,1%,3%,0%,1%,4%,0%,13%,4%
Don't know,7,0,4,0,0,0,0,2,0,0,0,0,0,1
,1%,0%,1%,0%,0%,0%,0%,1%,0%,0%,0%,0%,0%,4%
Mean,4.12,4.11,4.31,4.25,4.11,4.5,4.11,4.01,4.5,3.77,4.15,3.5,3.88,3.92
,,i,afGI,I,,,I,,,,,,,
Std. dev.,1,1,0.9,0.9,1.4,0.7,1,1,1,1,0.9,1.6,1.6,1
"Columns Tested: A,B,C,D,E,F,G,H,I,J,K,L,M",,,,,,,,,,,,,,
08/11/11                                                                                                                             Page 121,,,,,,,,,,,,,,
York Consulting – Information to aid learner decisions – November 2010,,,,,,,,,,,,,,
 ,,,,,,,,,,,,
Q3.5 : How useful : Changes in salary after completing the course/programme for students who previously had a job,,,,,,,,,,,,
Base: All respondents,,,,,,,,,,,,
,,Sample groups ,,,,,Gender ,,Age ,,,
,Total,Under 16s,Not white British,Those with a disability,Social grade C2DE,Baseline,Male,Female,Under 16,16 – 18,19 – 25,Over 25
Sig. Level: 95%,,a,b,c,d,e,f,g,h,i,j,k
Sig. Level: 99%,,A,B,C,D,E,F,G,H,I,J,K
Total,1052,246,253,219,367,296,294,758,246,504,99,203
,100%,100%,100%,100%,100%,100%,100%,100%,100%,100%,100%,100%
Very useful (5.0),406,91,126,78,144,107,115,291,91,204,39,72
,39%,37%,50%,36%,39%,36%,39%,38%,37%,40%,39%,35%
,,,ACDE,,,,,,,,,
Somewhat useful (4.0),343,80,69,83,104,106,91,252,80,179,28,56
,33%,33%,27%,38%,28%,36%,31%,33%,33%,36%,28%,28%
,,,,bd,,bd,,,,k,,
Useful (3.0),185,49,33,29,68,57,48,137,49,75,18,43
,18%,20%,13%,13%,19%,19%,16%,18%,20%,15%,18%,21%
,,b,,,,,,,,,,i
Not particularly useful (2.0),76,18,16,18,32,18,28,48,18,28,10,20
,7%,7%,6%,8%,9%,6%,10%,6%,7%,6%,10%,10%
,,,,,,,,,,,,i
Not useful at all (1.0),26,3,4,8,13,5,8,18,3,12,3,8
,2%,1%,2%,4%,4%,2%,3%,2%,1%,2%,3%,4%
Don't know,16,5,5,3,6,3,4,12,5,6,1,4
,2%,2%,2%,1%,2%,1%,1%,2%,2%,1%,1%,2%
Mean,3.99,3.99,4.2,3.95,3.93,4,3.96,4.01,3.99,4.07,3.92,3.82
,,,acDe,,,,,,,K,,
Std. dev.,1,1,1,1.1,1.1,1,1.1,1,1,1,1.1,1.1
"Columns Tested: A,B,C,D,E - F,G - H,I,J,K",,,,,,,,,,,,
08/11/11                                                                                                                             Page 122,,,,,,,,,,,,
York Consulting – Information to aid learner decisions – November 2010,,,,,,,,,,,,
 ,,,,,,,,,,,,
Q3.5 : How useful : Changes in salary after completing the course/programme for students who previously had a job,,,,,,,,,,,,
Base: All respondents,,,,,,,,,,,,
,,Parental social grade ,,Ethnicity ,,,,,,Region ,,
,Total,ABC1,C2DE,Asian or Asian British,Black or Black British,Chinese,Mixed,White,Other,North,Midlands,South
Sig. Level: 95%,,a,b,c,d,*e,f,g,*h,i,j,k
Sig. Level: 99%,,A,B,C,D,*E,F,G,*H,I,J,K
Total,1052,614,367,85,50,10,35,836,21,306,299,447
,100%,100%,100%,100%,100%,100%,100%,100%,100%,100%,100%,100%
Very useful (5.0),406,235,144,44,26,3,18,300,10,106,134,166
,39%,38%,39%,52%,52%,30%,51%,36%,48%,35%,45%,37%
,,,,G,g,,,,,,ik,
Somewhat useful (4.0),343,212,104,21,14,4,10,286,5,117,81,145
,33%,35%,28%,25%,28%,40%,29%,34%,24%,38%,27%,32%
,,b,,,,,,,,J,,
Useful (3.0),185,106,68,13,4,3,3,155,3,48,55,82
,18%,17%,19%,15%,8%,30%,9%,19%,14%,16%,18%,18%
Not particularly useful (2.0),76,42,32,5,2,0,4,62,1,22,19,35
,7%,7%,9%,6%,4%,0%,11%,7%,5%,7%,6%,8%
Not useful at all (1.0),26,11,13,0,1,0,0,22,2,9,6,11
,2%,2%,4%,0%,2%,0%,0%,3%,10%,3%,2%,2%
Don't know,16,8,6,2,3,0,0,11,0,4,4,8
,2%,1%,2%,2%,6%,0%,0%,1%,0%,1%,1%,2%
,,,,,g,,,,,,,
Mean,3.99,4.02,3.93,4.25,4.32,4,4.2,3.95,3.95,3.96,4.08,3.96
,,,,g,g,,,,,,,
Std. dev.,1,1,1.1,0.9,1,0.8,1,1,1.3,1,1,1.1
"Columns Tested: A,B - C,D,E,F,G,H - I,J,K",,,,,,,,,,,,
08/11/11                                                                                                                             Page 123,,,,,,,,,,,,
York Consulting – Information to aid learner decisions – November 2010,,,,,,,,,,,,
 ,,,,,,,,,,,,
Q3.5 : How useful : Changes in salary after completing the course/programme for students who previously had a job,,,,,,,,,,,,
Base: All respondents,,,,,,,,,,,,
,,Disability ,
,Total,Yes,No
Sig. Level: 95%,,a,b
Sig. Level: 99%,,A,B
Total,1052,219,800
,100%,100%,100%
Very useful (5.0),406,78,315
,39%,36%,39%
Somewhat useful (4.0),343,83,252
,33%,38%,32%
Useful (3.0),185,29,148
,18%,13%,19%
Not particularly useful (2.0),76,18,55
,7%,8%,7%
Not useful at all (1.0),26,8,17
,2%,4%,2%
Don't know,16,3,13,,,,,,,,,,,
,2%,1%,2%,,,,,,,,,,,
Mean,3.99,3.95,4.01,,,,,,,,,,,
Std. dev.,1,1.1,1,,,,,,,,,,,
"Columns Tested: A,B",,,,,,,,,,,,,,
08/11/11                                                                                                                             Page 124,,,,,,,,,,,,,,
York Consulting – Information to aid learner decisions – November 2010,,,,,,,,,,,,,,
 ,,,,,,,,,,,,,,
Q3.5 : How useful : Changes in salary after completing the course/programme for students who previously had a job,,,,,,,,,,,,,,
Base: All respondents,,,,,,,,,,,,,,
,,Learning provider ,,,,,,,,,,,,
,Total,State 6th form,State school,Grammar,City academy,Private school,6th form college,FE college,HEI,Workplace,Training centre,Learndirect,Community centre,Other
Sig. Level: 95%,,a,b,c,*d,*e,f,g,*h,i,*j,*k,*l,*m
Sig. Level: 99%,,A,B,C,*D,*E,F,G,*H,I,*J,*K,*L,*M
Total,1052,150,285,68,19,2,157,197,10,95,26,6,8,26
,100%,100%,100%,100%,100%,100%,100%,100%,100%,100%,100%,100%,100%,100%
Very useful (5.0),406,56,106,29,9,1,61,84,8,28,10,2,5,6
,39%,37%,37%,43%,47%,50%,39%,43%,80%,29%,38%,33%,63%,23%
,,,,,,,,i,,,,,,
Somewhat useful (4.0),343,45,102,21,5,1,55,64,1,28,9,1,1,9
,33%,30%,36%,31%,26%,50%,35%,32%,10%,29%,35%,17%,13%,35%
Useful (3.0),185,34,53,12,1,0,25,22,1,27,4,1,0,4
,18%,23%,19%,18%,5%,0%,16%,11%,10%,28%,15%,17%,0%,15%
,,G,g,,,,,,,bfG,,,,
Not particularly useful (2.0),76,13,14,6,2,0,9,15,0,8,2,2,1,4
,7%,9%,5%,9%,11%,0%,6%,8%,0%,8%,8%,33%,13%,15%
Not useful at all (1.0),26,2,3,0,1,0,6,8,0,2,1,0,1,2
,2%,1%,1%,0%,5%,0%,4%,4%,0%,2%,4%,0%,13%,8%
,,,,,,,b,b,,,,,,
Don't know,16,0,7,0,1,0,1,4,0,2,0,0,0,1
,2%,0%,2%,0%,5%,0%,1%,2%,0%,2%,0%,0%,0%,4%
Mean,3.99,3.93,4.06,4.07,4.06,4.5,4,4.04,4.7,3.77,3.96,3.5,4,3.52
,,,i,,,,,,,,,,,
Std. dev.,1,1,0.9,1,1.3,0.7,1.1,1.1,0.7,1,1.1,1.4,1.6,1.3
"Columns Tested: A,B,C,D,E,F,G,H,I,J,K,L,M",,,,,,,,,,,,,,
08/11/11                                                                                                                             Page 125,,,,,,,,,,,,,,
York Consulting – Information to aid learner decisions – November 2010,,,,,,,,,,,,,,
 ,,,,,,,,,,,,,,
"Q4 Summary : We are interested in how useful you would find it to know about the types of students that attend a provider (college, sixth",,,,,,,,,,,,,,
form etc) when making a decision about where to study.,,,,,,,,,,,,,,
Please rate how useful you would find knowing the following information:,,,,,,,,,,,,,,
Base: All respondents,,,,,,,,,,,,,,
,SUMMARY,,,,,,,,,,,,,
,Ethnic background of students,The proportion of male and female students,The number of international students,The age range of students,The proportion of disabled students,,,,,,,,,
Sig. Level: 95%,a,b,c,d,e,,,,,,,,,
Sig. Level: 99%,A,B,C,D,E,,,,,,,,,
Total,1052,1052,1052,1052,1052,,,,,,,,,
,100%,100%,100%,100%,100%,,,,,,,,,
Very useful (5.0),81,78,70,135,66
,8%,7%,7%,13%,6%
,,,,ABCE,
Somewhat useful (4.0),100,149,111,249,93
,10%,14%,11%,24%,9%
,,AcE,,ABCE,
Useful (3.0),119,219,178,276,131
,11%,21%,17%,26%,12%
,,AcE,AE,ABCE,
Not particularly useful (2.0),370,350,389,235,381
,35%,33%,37%,22%,36%
,D,D,D,,D
Not useful at all (1.0),357,238,281,145,351
,34%,23%,27%,14%,33%
,BCD,D,bD,,BCD
Don't know,25,18,23,12,30
,2%,2%,2%,1%,3%,,,,,,,
,d,,,,D,,,,,,,
Mean,2.2,2.5,2.32,2.99,2.16,,,,,,,
,,ACE,aE,ABCE,,,,,,,,
Std. dev.,1.2,1.2,1.2,1.2,1.2,,,,,,,
"Columns Tested: A,B,C,D,E",,,,,,,,,,,,
08/11/11                                                                                                                             Page 126,,,,,,,,,,,,
York Consulting – Information to aid learner decisions – November 2010,,,,,,,,,,,,
 ,,,,,,,,,,,,
Q4a : Which would you find the most useful?,,,,,,,,,,,,
Base: All those who said that at least one of the items from the list was useful,,,,,,,,,,,,
,,Sample groups ,,,,,Gender ,,Age ,,,
,Total,Under 16s,Not white British,Those with a disability,Social grade C2DE,Baseline,Male,Female,Under 16,16 – 18,19 – 25,Over 25
Sig. Level: 95%,,a,b,c,d,e,f,g,h,i,j,k
Sig. Level: 99%,,A,B,C,D,E,F,G,H,I,J,K
Total,740,196,211,162,261,181,209,531,196,349,71,124
,100%,100%,100%,100%,100%,100%,100%,100%,100%,100%,100%,100%
The age range of students,411,114,94,87,149,102,116,295,114,174,34,89
,56%,58%,45%,54%,57%,56%,56%,56%,58%,50%,48%,72%
,,B,,,B,b,,,,,,hIJ
The proportion of male and female students,169,44,46,37,49,55,38,131,44,96,15,14
,23%,22%,22%,23%,19%,30%,18%,25%,22%,28%,21%,11%
,,,,,,D,,,k,K,,
Ethnic background of students,79,21,39,13,34,7,26,53,21,39,13,6
,11%,11%,18%,8%,13%,4%,12%,10%,11%,11%,18%,5%
,,e,aCE,,E,,,,,k,K,
The number of international students,58,12,24,12,21,14,21,37,12,33,6,7
,8%,6%,11%,7%,8%,8%,10%,7%,6%,9%,8%,6%
The proportion of disabled students,23,5,8,13,8,3,8,15,5,7,3,8
,3%,3%,4%,8%,3%,2%,4%,3%,3%,2%,4%,6%
,,,,adE,,,,,,,,i
"Columns Tested: A,B,C,D,E - F,G - H,I,J,K",,,,,,,,,,,,
08/11/11                                                                                                                             Page 127,,,,,,,,,,,,
York Consulting – Information to aid learner decisions – November 2010,,,,,,,,,,,,
 ,,,,,,,,,,,,
Q4a : Which would you find the most useful?,,,,,,,,,,,,
Base: All those who said that at least one of the items from the list was useful,,,,,,,,,,,,
,,Parental social grade ,,Ethnicity ,,,,,,Region ,,
,Total,ABC1,C2DE,Asian or Asian British,Black or Black British,Chinese,Mixed,White,Other,North,Midlands,South
Sig. Level: 95%,,a,b,c,d,*e,f,g,*h,i,j,k
Sig. Level: 99%,,A,B,C,D,*E,F,G,*H,I,J,K
Total,740,430,261,72,44,7,30,560,15,204,210,326
,100%,100%,100%,100%,100%,100%,100%,100%,100%,100%,100%,100%
The age range of students,411,237,149,29,19,4,17,328,10,127,122,162
,56%,55%,57%,40%,43%,57%,57%,59%,67%,62%,58%,50%
,,,,,,,,Cd,,K,,
The proportion of male and female students,169,111,49,19,6,1,6,131,2,39,49,81
,23%,26%,19%,26%,14%,14%,20%,23%,13%,19%,23%,25%
,,b,,,,,,,,,,
Ethnic background of students,79,38,34,14,12,2,4,44,2,24,16,39
,11%,9%,13%,19%,27%,29%,13%,8%,13%,12%,8%,12%
,,,,G,G,,,,,,,
The number of international students,58,34,21,9,3,0,3,41,1,10,13,35
,8%,8%,8%,13%,7%,0%,10%,7%,7%,5%,6%,11%
,,,,,,,,,,,,i
The proportion of disabled students,23,10,8,1,4,0,0,16,0,4,10,9
,3%,2%,3%,1%,9%,0%,0%,3%,0%,2%,5%,3%
,,,,,cg,,,,,,,
"Columns Tested: A,B - C,D,E,F,G,H - I,J,K",,,,,,,,,,,,
08/11/11                                                                                                                             Page 128,,,,,,,,,,,,
York Consulting – Information to aid learner decisions – November 2010,,,,,,,,,,,,
 ,,,,,,,,,,,,
Q4a : Which would you find the most useful?,,,,,,,,,,,,
Base: All those who said that at least one of the items from the list was useful,,,,,,,,,,,,
,,Disability ,
,Total,Yes,No
Sig. Level: 95%,,a,b
Sig. Level: 99%,,A,B
Total,740,162,552
,100%,100%,100%
The age range of students,411,87,310
,56%,54%,56%
The proportion of male and female students,169,37,129
,23%,23%,23%
Ethnic background of students,79,13,60
,11%,8%,11%
The number of international students,58,12,44
,8%,7%,8%
The proportion of disabled students,23,13,9
,3%,8%,2%
,,B,,,,,,,,,,,,
"Columns Tested: A,B",,,,,,,,,,,,,,
08/11/11                                                                                                                             Page 129,,,,,,,,,,,,,,
York Consulting – Information to aid learner decisions – November 2010,,,,,,,,,,,,,,
 ,,,,,,,,,,,,,,
Q4a : Which would you find the most useful?,,,,,,,,,,,,,,
Base: All those who said that at least one of the items from the list was useful,,,,,,,,,,,,,,
,,Learning provider ,,,,,,,,,,,,
,Total,State 6th form,State school,Grammar,City academy,Private school,6th form college,FE college,HEI,Workplace,Training centre,Learndirect,Community centre,Other
Sig. Level: 95%,,a,b,c,*d,*e,f,g,*h,i,*j,*k,*l,*m
Sig. Level: 99%,,A,B,C,*D,*E,F,G,*H,I,*J,*K,*L,*M
Total,740,111,215,52,17,2,106,131,6,58,15,3,5,18
,100%,100%,100%,100%,100%,100%,100%,100%,100%,100%,100%,100%,100%,100%
The age range of students,411,52,124,26,10,0,47,86,2,42,8,2,2,9
,56%,47%,58%,50%,59%,0%,44%,66%,33%,72%,53%,67%,40%,50%
,,,f,,,,,AF,,AbcF,,,,
The proportion of male and female students,169,31,55,16,1,1,30,17,2,8,3,1,1,3
,23%,28%,26%,31%,6%,50%,28%,13%,33%,14%,20%,33%,20%,17%
,,Gi,G,Gi,,,Gi,,,,,,,
Ethnic background of students,79,14,18,1,4,0,17,15,0,5,1,0,0,4
,11%,13%,8%,2%,24%,0%,16%,11%,0%,9%,7%,0%,0%,22%
,,c,,,,,bC,c,,,,,,
The number of international students,58,11,16,7,1,0,7,9,2,1,2,0,1,1
,8%,10%,7%,13%,6%,0%,7%,7%,33%,2%,13%,0%,20%,6%
,,,,i,,,,,,,,,,
The proportion of disabled students,23,3,2,2,1,1,5,4,0,2,1,0,1,1
,3%,3%,1%,4%,6%,50%,5%,3%,0%,3%,7%,0%,20%,6%
,,,,,,,b,,,,,,,
"Columns Tested: A,B,C,D,E,F,G,H,I,J,K,L,M",,,,,,,,,,,,,,
08/11/11                                                                                                                             Page 130,,,,,,,,,,,,,,
York Consulting – Information to aid learner decisions – November 2010,,,,,,,,,,,,,,
 ,,,,,,,,,,,,,,
Q4.2 : How useful : Ethnic background of students,,,,,,,,,,,,
Base: All respondents,,,,,,,,,,,,
,,Sample groups ,,,,,Gender ,,Age ,,,
,Total,Under 16s,Not white British,Those with a disability,Social grade C2DE,Baseline,Male,Female,Under 16,16 – 18,19 – 25,Over 25
Sig. Level: 95%,,a,b,c,d,e,f,g,h,i,j,k
Sig. Level: 99%,,A,B,C,D,E,F,G,H,I,J,K
Total,1052,246,253,219,367,296,294,758,246,504,99,203
,100%,100%,100%,100%,100%,100%,100%,100%,100%,100%,100%,100%
Very useful (5.0),81,22,32,19,35,10,32,49,22,32,11,16
,8%,9%,13%,9%,10%,3%,11%,6%,9%,6%,11%,8%
,,E,E,e,E,,g,,,,,
Somewhat useful (4.0),100,20,39,20,32,27,31,69,20,54,10,16
,10%,8%,15%,9%,9%,9%,11%,9%,8%,11%,10%,8%
,,,acde,,,,,,,,,
Useful (3.0),119,23,36,23,53,28,32,87,23,46,22,28
,11%,9%,14%,11%,14%,9%,11%,11%,9%,9%,22%,14%
,,,,,,,,,,,HI,
Not particularly useful (2.0),370,91,71,80,125,108,90,280,91,181,27,71
,35%,37%,28%,37%,34%,36%,31%,37%,37%,36%,27%,35%
,,b,,b,,b,,,,,,
Not useful at all (1.0),357,80,66,67,120,116,97,260,80,185,27,65
,34%,33%,26%,31%,33%,39%,33%,34%,33%,37%,27%,32%
,,,,,,Bc,,,,,,
Don't know,25,10,9,10,2,7,12,13,10,6,2,7
,2%,4%,4%,5%,1%,2%,4%,2%,4%,1%,2%,3%
,,D,D,D,,d,g,,i,,,i
Mean,2.2,2.21,2.59,2.25,2.28,1.99,2.33,2.15,2.21,2.13,2.49,2.22
,,e,ACDE,e,E,,g,,,,I,
Std. dev.,1.2,1.3,1.4,1.3,1.3,1.1,1.3,1.2,1.3,1.2,1.3,1.2
"Columns Tested: A,B,C,D,E - F,G - H,I,J,K",,,,,,,,,,,,
08/11/11                                                                                                                             Page 131,,,,,,,,,,,,
York Consulting – Information to aid learner decisions – November 2010,,,,,,,,,,,,
 ,,,,,,,,,,,,
Q4.2 : How useful : Ethnic background of students,,,,,,,,,,,,
Base: All respondents,,,,,,,,,,,,
,,Parental social grade ,,Ethnicity ,,,,,,Region ,,
,Total,ABC1,C2DE,Asian or Asian British,Black or Black British,Chinese,Mixed,White,Other,North,Midlands,South
Sig. Level: 95%,,a,b,c,d,*e,f,g,*h,i,j,k
Sig. Level: 99%,,A,B,C,D,*E,F,G,*H,I,J,K
Total,1052,614,367,85,50,10,35,836,21,306,299,447
,100%,100%,100%,100%,100%,100%,100%,100%,100%,100%,100%,100%
Very useful (5.0),81,42,35,13,7,1,2,56,1,21,19,41
,8%,7%,10%,15%,14%,10%,6%,7%,5%,7%,6%,9%
,,,,G,,,,,,,,
Somewhat useful (4.0),100,53,32,15,11,2,3,63,5,24,26,50
,10%,9%,9%,18%,22%,20%,9%,8%,24%,8%,9%,11%
,,,,G,G,,,,,,,
Useful (3.0),119,62,53,12,7,0,7,88,3,31,38,50
,11%,10%,14%,14%,14%,0%,20%,11%,14%,10%,13%,11%
,,,a,,,,,,,,,
Not particularly useful (2.0),370,221,125,28,13,6,11,306,2,116,101,153
,35%,36%,34%,33%,26%,60%,31%,37%,10%,38%,34%,34%
Not useful at all (1.0),357,215,120,13,9,1,11,307,9,106,107,144
,34%,35%,33%,15%,18%,10%,31%,37%,43%,35%,36%,32%
,,,,,,,c,CD,,,,
Don't know,25,21,2,4,3,0,1,16,1,8,8,9
,2%,3%,1%,5%,6%,0%,3%,2%,5%,3%,3%,2%
,,B,,,,,,,,,,
Mean,2.2,2.13,2.28,2.84,2.87,2.6,2.24,2.09,2.35,2.12,2.14,2.29
,,,,fG,fG,,,,,,,
Std. dev.,1.2,1.2,1.3,1.3,1.4,1.3,1.2,1.2,1.4,1.2,1.2,1.3
"Columns Tested: A,B - C,D,E,F,G,H - I,J,K",,,,,,,,,,,,
08/11/11                                                                                                                             Page 132,,,,,,,,,,,,
York Consulting – Information to aid learner decisions – November 2010,,,,,,,,,,,,
 ,,,
Q4.2 : How useful : Ethnic background of students,,,
Base: All respondents,,,
,,Disability ,
,Total,Yes,No
Sig. Level: 95%,,a,b
Sig. Level: 99%,,A,B
Total,1052,219,800
,100%,100%,100%
Very useful (5.0),81,19,58
,8%,9%,7%
Somewhat useful (4.0),100,20,78
,10%,9%,10%
Useful (3.0),119,23,91
,11%,11%,11%
Not particularly useful (2.0),370,80,279
,35%,37%,35%,,,,,,,,,,,
Not useful at all (1.0),357,67,280,,,,,,,,,,,
,34%,31%,35%,,,,,,,,,,,
Don't know,25,10,14,,,,,,,,,,,
,2%,5%,2%,,,,,,,,,,,
,,b,,,,,,,,,,,,
Mean,2.2,2.25,2.18,,,,,,,,,,,
Std. dev.,1.2,1.3,1.2,,,,,,,,,,,
"Columns Tested: A,B",,,,,,,,,,,,,,
08/11/11                                                                                                                             Page 133,,,,,,,,,,,,,,
York Consulting – Information to aid learner decisions – November 2010,,,,,,,,,,,,,,
 ,,,,,,,,,,,,,,
Q4.2 : How useful : Ethnic background of students,,,,,,,,,,,,,,
Base: All respondents,,,,,,,,,,,,,,
,,Learning provider ,,,,,,,,,,,,
,Total,State 6th form,State school,Grammar,City academy,Private school,6th form college,FE college,HEI,Workplace,Training centre,Learndirect,Community centre,Other
Sig. Level: 95%,,a,b,c,*d,*e,f,g,*h,i,*j,*k,*l,*m
Sig. Level: 99%,,A,B,C,*D,*E,F,G,*H,I,*J,*K,*L,*M
Total,1052,150,285,68,19,2,157,197,10,95,26,6,8,26
,100%,100%,100%,100%,100%,100%,100%,100%,100%,100%,100%,100%,100%,100%
Very useful (5.0),81,12,18,4,2,0,12,22,0,4,2,0,3,2
,8%,8%,6%,6%,11%,0%,8%,11%,0%,4%,8%,0%,38%,8%
Somewhat useful (4.0),100,7,22,5,5,0,21,20,2,9,3,0,1,4
,10%,5%,8%,7%,26%,0%,13%,10%,20%,9%,12%,0%,13%,15%
,,,,,,,A,,,,,,,
Useful (3.0),119,17,19,7,2,0,22,28,0,17,3,0,0,4
,11%,11%,7%,10%,11%,0%,14%,14%,0%,18%,12%,0%,0%,15%
,,,,,,,b,B,,B,,,,
Not particularly useful (2.0),370,65,107,26,4,2,43,68,4,26,8,4,2,9
,35%,43%,38%,38%,21%,100%,27%,35%,40%,27%,31%,67%,25%,35%
,,Fi,f,,,,,,,,,,,
Not useful at all (1.0),357,49,108,24,6,0,57,55,4,34,10,2,2,6
,34%,33%,38%,35%,32%,0%,36%,28%,40%,36%,38%,33%,25%,23%
,,,g,,,,,,,,,,,
Don't know,25,0,11,2,0,0,2,4,0,5,0,0,0,1
,2%,0%,4%,3%,0%,0%,1%,2%,0%,5%,0%,0%,0%,4%
,,,a,a,,,,,,A,,,,
Mean,2.2,2.12,2.03,2.08,2.63,2,2.28,2.41,2,2.14,2.19,1.67,3.13,2.48
,,,,,,,b,aB,,,,,,
Std. dev.,1.2,1.2,1.2,1.2,1.5,0,1.3,1.3,1.2,1.2,1.3,0.5,1.8,1.3
"Columns Tested: A,B,C,D,E,F,G,H,I,J,K,L,M",,,,,,,,,,,,,,
08/11/11                                                                                                                             Page 134,,,,,,,,,,,,,,
York Consulting – Information to aid learner decisions – November 2010,,,,,,,,,,,,,,
 ,,,,,,,,,,,,,,
Q4.3 : How useful : The proportion of male and female students,,,,,,,,,,,,,,
Base: All respondents,,,,,,,,,,,,,,
,,Sample groups ,,,,,Gender ,,Age ,,,,,
,Total,Under 16s,Not white British,Those with a disability,Social grade C2DE,Baseline,Male,Female,Under 16,16 – 18,19 – 25,Over 25,,
Sig. Level: 95%,,a,b,c,d,e,f,g,h,i,j,k
Sig. Level: 99%,,A,B,C,D,E,F,G,H,I,J,K
Total,1052,246,253,219,367,296,294,758,246,504,99,203
,100%,100%,100%,100%,100%,100%,100%,100%,100%,100%,100%,100%
Very useful (5.0),78,16,26,21,31,17,30,48,16,40,9,13
,7%,7%,10%,10%,8%,6%,10%,6%,7%,8%,9%,6%
,,,e,,,,g,,,,,
Somewhat useful (4.0),149,28,46,29,52,39,40,109,28,85,18,18
,14%,11%,18%,13%,14%,13%,14%,14%,11%,17%,18%,9%
,,,a,,,,,,,hK,k,
Useful (3.0),219,58,68,49,85,55,54,165,58,104,21,36
,21%,24%,27%,22%,23%,19%,18%,22%,24%,21%,21%,18%
,,,e,,,,,,,,,
Not particularly useful (2.0),350,83,64,72,118,99,83,267,83,165,28,74
,33%,34%,25%,33%,32%,33%,28%,35%,34%,33%,28%,36%
,,b,,,,b,,f,,,,
Not useful at all (1.0),238,53,42,41,79,81,78,160,53,106,21,58
,23%,22%,17%,19%,22%,27%,27%,21%,22%,21%,21%,29%
,,,,,,Bc,,,,,,i
Don't know,18,8,7,7,2,5,9,9,8,4,2,4
,2%,3%,3%,3%,1%,2%,3%,1%,3%,1%,2%,2%
,,D,d,d,,,g,,i,,,
Mean,2.5,2.46,2.8,2.61,2.56,2.35,2.51,2.49,2.46,2.58,2.65,2.27
,,,AdE,e,e,,,,,K,k,
Std. dev.,1.2,1.2,1.2,1.2,1.2,1.2,1.3,1.2,1.2,1.2,1.3,1.2
"Columns Tested: A,B,C,D,E - F,G - H,I,J,K",,,,,,,,,,,,
08/11/11                                                                                                                             Page 135,,,,,,,,,,,,
York Consulting – Information to aid learner decisions – November 2010,,,,,,,,,,,,
 ,,,,,,,,,,,,
Q4.3 : How useful : The proportion of male and female students,,,,,,,,,,,,
Base: All respondents,,,,,,,,,,,,
,,Parental social grade ,,Ethnicity ,,,,,,Region ,,
,Total,ABC1,C2DE,Asian or Asian British,Black or Black British,Chinese,Mixed,White,Other,North,Midlands,South
Sig. Level: 95%,,a,b,c,d,*e,f,g,*h,i,j,k
Sig. Level: 99%,,A,B,C,D,*E,F,G,*H,I,J,K
Total,1052,614,367,85,50,10,35,836,21,306,299,447
,100%,100%,100%,100%,100%,100%,100%,100%,100%,100%,100%,100%
Very useful (5.0),78,42,31,12,7,1,2,55,1,17,22,39
,7%,7%,8%,14%,14%,10%,6%,7%,5%,6%,7%,9%
,,,,g,g,,,,,,,
Somewhat useful (4.0),149,82,52,15,9,2,3,111,5,39,39,71
,14%,13%,14%,18%,18%,20%,9%,13%,24%,13%,13%,16%
Useful (3.0),219,126,85,22,14,2,13,159,4,58,65,96
,21%,21%,23%,26%,28%,20%,37%,19%,19%,19%,22%,21%
,,,,,,,G,,,,,
Not particularly useful (2.0),350,207,118,21,12,5,9,296,3,114,102,134
,33%,34%,32%,25%,24%,50%,26%,35%,14%,37%,34%,30%
,,,,,,,,c,,k,,
Not useful at all (1.0),238,143,79,13,5,0,8,203,7,74,65,99
,23%,23%,22%,15%,10%,0%,23%,24%,33%,24%,22%,22%
,,,,,,,,d,,,,
Don't know,18,14,2,2,3,0,0,12,1,4,6,8
,2%,2%,1%,2%,6%,0%,0%,1%,5%,1%,2%,2%
,,b,,,g,,,,,,,
Mean,2.5,2.46,2.56,2.9,3.02,2.9,2.49,2.42,2.5,2.37,2.49,2.58
,,,,G,fG,,,,,,,i
Std. dev.,1.2,1.2,1.2,1.3,1.2,1.1,1.1,1.2,1.4,1.2,1.2,1.2
"Columns Tested: A,B - C,D,E,F,G,H - I,J,K",,,,,,,,,,,,
08/11/11                                                                                                                             Page 136,,,,,,,,,,,,
York Consulting – Information to aid learner decisions – November 2010,,,,,,,,,,,,
 ,,,,,,,,,,,,
Q4.3 : How useful : The proportion of male and female students,,,,,,,,,,,,
Base: All respondents,,,,,,,,,,,,
,,Disability ,,,,,,,,,,
,Total,Yes,No
Sig. Level: 95%,,a,b
Sig. Level: 99%,,A,B
Total,1052,219,800
,100%,100%,100%
Very useful (5.0),78,21,54
,7%,10%,7%
Somewhat useful (4.0),149,29,114
,14%,13%,14%
Useful (3.0),219,49,161
,21%,22%,20%
Not particularly useful (2.0),350,72,270
,33%,33%,34%
Not useful at all (1.0),238,41,191
,23%,19%,24%
Don't know,18,7,10
,2%,3%,1%,,,,,,,,,,,
,,b,,,,,,,,,,,,
Mean,2.5,2.61,2.46,,,,,,,,,,,
Std. dev.,1.2,1.2,1.2,,,,,,,,,,,
"Columns Tested: A,B",,,,,,,,,,,,,,
08/11/11                                                                                                                             Page 137,,,,,,,,,,,,,,
York Consulting – Information to aid learner decisions – November 2010,,,,,,,,,,,,,,
 ,,,,,,,,,,,,,,
Q4.3 : How useful : The proportion of male and female students,,,,,,,,,,,,,,
Base: All respondents,,,,,,,,,,,,,,
,,Learning provider ,,,,,,,,,,,,
,Total,State 6th form,State school,Grammar,City academy,Private school,6th form college,FE college,HEI,Workplace,Training centre,Learndirect,Community centre,Other
Sig. Level: 95%,,a,b,c,*d,*e,f,g,*h,i,*j,*k,*l,*m
Sig. Level: 99%,,A,B,C,*D,*E,F,G,*H,I,*J,*K,*L,*M
Total,1052,150,285,68,19,2,157,197,10,95,26,6,8,26
,100%,100%,100%,100%,100%,100%,100%,100%,100%,100%,100%,100%,100%,100%
Very useful (5.0),78,11,18,7,0,0,14,16,1,3,3,0,3,2
,7%,7%,6%,10%,0%,0%,9%,8%,10%,3%,12%,0%,38%,8%
Somewhat useful (4.0),149,23,39,11,4,1,26,30,2,6,1,0,1,4
,14%,15%,14%,16%,21%,50%,17%,15%,20%,6%,4%,0%,13%,15%
,,i,,i,,,i,i,,,,,,
Useful (3.0),219,36,61,19,3,0,33,36,2,21,4,1,0,3
,21%,24%,21%,28%,16%,0%,21%,18%,20%,22%,15%,17%,0%,12%
Not particularly useful (2.0),350,48,96,18,10,1,47,71,2,33,8,3,2,9
,33%,32%,34%,26%,53%,50%,30%,36%,20%,35%,31%,50%,25%,35%
Not useful at all (1.0),238,31,63,12,2,0,35,42,3,29,10,2,2,7
,23%,21%,22%,18%,11%,0%,22%,21%,30%,31%,38%,33%,25%,27%
Don't know,18,1,8,1,0,0,2,2,0,3,0,0,0,1
,2%,1%,3%,1%,0%,0%,1%,1%,0%,3%,0%,0%,0%,4%
Mean,2.5,2.56,2.47,2.75,2.47,3,2.59,2.52,2.6,2.14,2.19,1.83,3.13,2.4
,,I,i,I,,,I,i,,,,,,
Std. dev.,1.2,1.2,1.2,1.2,1,1.4,1.3,1.2,1.4,1,1.3,0.8,1.8,1.3
"Columns Tested: A,B,C,D,E,F,G,H,I,J,K,L,M",,,,,,,,,,,,
08/11/11                                                                                                                             Page 138,,,,,,,,,,,,
York Consulting – Information to aid learner decisions – November 2010,,,,,,,,,,,,
 ,,,,,,,,,,,,
Q4.4 : How useful : The number of international students,,,,,,,,,,,,
Base: All respondents,,,,,,,,,,,,
,,Sample groups ,,,,,Gender ,,Age ,,,
,Total,Under 16s,Not white British,Those with a disability,Social grade C2DE,Baseline,Male,Female,Under 16,16 – 18,19 – 25,Over 25
Sig. Level: 95%,,a,b,c,d,e,f,g,h,i,j,k
Sig. Level: 99%,,A,B,C,D,E,F,G,H,I,J,K
Total,1052,246,253,219,367,296,294,758,246,504,99,203
,100%,100%,100%,100%,100%,100%,100%,100%,100%,100%,100%,100%
Very useful (5.0),70,14,24,21,31,13,28,42,14,35,8,13
,7%,6%,9%,10%,8%,4%,10%,6%,6%,7%,8%,6%
,,,e,e,e,,g,,,,,
Somewhat useful (4.0),111,19,41,23,36,30,36,75,19,57,16,19
,11%,8%,16%,11%,10%,10%,12%,10%,8%,11%,16%,9%
,,,Ade,,,,,,,,h,
Useful (3.0),178,49,48,34,70,50,47,131,49,84,14,31
,17%,20%,19%,16%,19%,17%,16%,17%,20%,17%,14%,15%
Not particularly useful (2.0),389,94,76,83,123,110,95,294,94,184,35,76
,37%,38%,30%,38%,34%,37%,32%,39%,38%,37%,35%,37%
Not useful at all (1.0),281,60,55,52,104,87,75,206,60,139,23,59
,27%,24%,22%,24%,28%,29%,26%,27%,24%,28%,23%,29%
,,,,,,b,,,,,,
Don't know,23,10,9,6,3,6,13,10,10,5,3,5
,2%,4%,4%,3%,1%,2%,4%,1%,4%,1%,3%,2%
,,D,d,,,,G,,I,,,
Mean,2.32,2.29,2.6,2.43,2.36,2.21,2.46,2.27,2.29,2.33,2.49,2.25
,,,AdE,e,,,g,,,,,
Std. dev.,1.2,1.1,1.3,1.2,1.2,1.1,1.3,1.1,1.1,1.2,1.3,1.2
"Columns Tested: A,B,C,D,E - F,G - H,I,J,K",,,,,,,,,,,,
08/11/11                                                                                                                             Page 139,,,,,,,,,,,,
York Consulting – Information to aid learner decisions – November 2010,,,,,,,,,,,,
 ,,,,,,,,,,,,
Q4.4 : How useful : The number of international students,,,,,,,,,,,,
Base: All respondents,,,,,,,,,,,,
,,Parental social grade ,,Ethnicity ,,,,,,Region ,,
,Total,ABC1,C2DE,Asian or Asian British,Black or Black British,Chinese,Mixed,White,Other,North,Midlands,South
Sig. Level: 95%,,a,b,c,d,*e,f,g,*h,i,j,k
Sig. Level: 99%,,A,B,C,D,*E,F,G,*H,I,J,K
Total,1052,614,367,85,50,10,35,836,21,306,299,447
,100%,100%,100%,100%,100%,100%,100%,100%,100%,100%,100%,100%
Very useful (5.0),70,35,31,12,5,0,3,49,1,21,19,30
,7%,6%,8%,14%,10%,0%,9%,6%,5%,7%,6%,7%
,,,,G,,,,,,,,
Somewhat useful (4.0),111,60,36,13,10,2,3,76,4,24,25,62
,11%,10%,10%,15%,20%,20%,9%,9%,19%,8%,8%,14%
,,,,,g,,,,,,,ij
Useful (3.0),178,104,70,17,6,1,9,141,3,51,60,67
,17%,17%,19%,20%,12%,10%,26%,17%,14%,17%,20%,15%
Not particularly useful (2.0),389,240,123,25,19,5,7,325,5,125,110,154
,37%,39%,34%,29%,38%,50%,20%,39%,24%,41%,37%,34%
,,,,,,,,f,,,,
Not useful at all (1.0),281,157,104,14,7,2,13,230,7,78,79,124
,27%,26%,28%,16%,14%,20%,37%,28%,33%,25%,26%,28%
,,,,,,,cd,cd,,,,
Don't know,23,18,3,4,3,0,0,15,1,7,6,10
,2%,3%,1%,5%,6%,0%,0%,2%,5%,2%,2%,2%
,,b,,,g,,,,,,,
Mean,2.32,2.29,2.36,2.8,2.72,2.3,2.31,2.26,2.35,2.28,2.3,2.36
,,,,G,G,,,,,,,
Std. dev.,1.2,1.1,1.2,1.3,1.3,1.1,1.3,1.1,1.3,1.1,1.1,1.2
"Columns Tested: A,B - C,D,E,F,G,H - I,J,K",,,,,,,,,,,,
08/11/11                                                                                                                             Page 140,,,
York Consulting – Information to aid learner decisions – November 2010,,,
 ,,,
Q4.4 : How useful : The number of international students,,,
Base: All respondents,,,
,,Disability ,
,Total,Yes,No
Sig. Level: 95%,,a,b
Sig. Level: 99%,,A,B
Total,1052,219,800
,100%,100%,100%
Very useful (5.0),70,21,44
,7%,10%,6%
,,b,
Somewhat useful (4.0),111,23,84
,11%,11%,11%
Useful (3.0),178,34,140
,17%,16%,18%
Not particularly useful (2.0),389,83,297
,37%,38%,37%
Not useful at all (1.0),281,52,220
,27%,24%,28%
Don't know,23,6,15
,2%,3%,2%
Mean,2.32,2.43,2.28
Std. dev.,1.2,1.2,1.1
"Columns Tested: A,B",,,
08/11/11                                                                                                                             Page 141,,,
York Consulting – Information to aid learner decisions – November 2010,,,
 ,,,
Q4.4 : How useful : The number of international students,,,
Base: All respondents,,,
,,Learning provider ,,,,,,,,,,,,
,Total,State 6th form,State school,Grammar,City academy,Private school,6th form college,FE college,HEI,Workplace,Training centre,Learndirect,Community centre,Other
Sig. Level: 95%,,a,b,c,*d,*e,f,g,*h,i,*j,*k,*l,*m
Sig. Level: 99%,,A,B,C,*D,*E,F,G,*H,I,*J,*K,*L,*M
Total,1052,150,285,68,19,2,157,197,10,95,26,6,8,26
,100%,100%,100%,100%,100%,100%,100%,100%,100%,100%,100%,100%,100%,100%
Very useful (5.0),70,11,11,4,1,0,14,17,1,3,2,0,3,3
,7%,7%,4%,6%,5%,0%,9%,9%,10%,3%,8%,0%,38%,12%
,,,,,,,b,b,,,,,,
Somewhat useful (4.0),111,10,25,11,4,0,17,28,2,6,3,0,1,3
,11%,7%,9%,16%,21%,0%,11%,14%,20%,6%,12%,0%,13%,12%
,,,,ai,,,,ai,,,,,,
Useful (3.0),178,26,60,14,2,0,19,30,0,19,4,0,1,3
,17%,17%,21%,21%,11%,0%,12%,15%,0%,20%,15%,0%,13%,12%
,,,f,,,,,,,,,,,
Not particularly useful (2.0),389,58,105,20,7,2,64,72,3,33,8,4,1,10
,37%,39%,37%,29%,37%,100%,41%,37%,30%,35%,31%,67%,13%,38%
Not useful at all (1.0),281,44,75,16,5,0,41,48,4,29,9,2,2,6
,27%,29%,26%,24%,26%,0%,26%,24%,40%,31%,35%,33%,25%,23%
Don't know,23,1,9,3,0,0,2,2,0,5,0,0,0,1
,2%,1%,3%,4%,0%,0%,1%,1%,0%,5%,0%,0%,0%,4%
,,,,,,,,,,ag,,,,
Mean,2.32,2.23,2.25,2.49,2.42,2,2.35,2.46,2.3,2.12,2.27,1.67,3.25,2.48
,,,,i,,,,i,,,,,,
Std. dev.,1.2,1.2,1.1,1.2,1.3,0,1.2,1.2,1.5,1,1.3,0.5,1.8,1.3
"Columns Tested: A,B,C,D,E,F,G,H,I,J,K,L,M",,,,,,,,,,,,,,
08/11/11                                                                                                                             Page 142,,,,,,,,,,,,,,
York Consulting – Information to aid learner decisions – November 2010,,,,,,,,,,,,,,
 ,,,,,,,,,,,,,,
Q4.5 : How useful : The age range of students,,,,,,,,,,,,,,
Base: All respondents,,,,,,,,,,,,,,
,,Sample groups ,,,,,Gender ,,Age ,,,,,
,Total,Under 16s,Not white British,Those with a disability,Social grade C2DE,Baseline,Male,Female,Under 16,16 – 18,19 – 25,Over 25
Sig. Level: 95%,,a,b,c,d,e,f,g,h,i,j,k
Sig. Level: 99%,,A,B,C,D,E,F,G,H,I,J,K
Total,1052,246,253,219,367,296,294,758,246,504,99,203
,100%,100%,100%,100%,100%,100%,100%,100%,100%,100%,100%,100%
Very useful (5.0),135,32,43,34,53,27,42,93,32,61,15,27
,13%,13%,17%,16%,14%,9%,14%,12%,13%,12%,15%,13%
,,,E,e,e,,,,,,,
Somewhat useful (4.0),249,69,68,60,73,64,73,176,69,123,17,40
,24%,28%,27%,27%,20%,22%,25%,23%,28%,24%,17%,20%
,,d,d,d,,,,,jk,,,
Useful (3.0),276,78,75,50,108,71,69,207,78,124,26,48
,26%,32%,30%,23%,29%,24%,23%,27%,32%,25%,26%,24%
,,ce,,,,,,,i,,,
Not particularly useful (2.0),235,37,40,46,73,82,63,172,37,128,21,49
,22%,15%,16%,21%,20%,28%,21%,23%,15%,25%,21%,24%
,,,,,,ABd,,,,H,,h
Not useful at all (1.0),145,26,23,27,58,48,41,104,26,65,17,37
,14%,11%,9%,12%,16%,16%,14%,14%,11%,13%,17%,18%
,,,,,b,b,,,,,,h
Don't know,12,4,4,2,2,4,6,6,4,3,3,2
,1%,2%,2%,1%,1%,1%,2%,1%,2%,1%,3%,1%
,,,,,,,,,,,i,
Mean,2.99,3.18,3.27,3.13,2.97,2.79,3.04,2.98,3.18,2.97,2.92,2.86
,,dE,DE,E,,,,,iK,,,
Std. dev.,1.2,1.2,1.2,1.3,1.3,1.2,1.3,1.2,1.2,1.2,1.3,1.3
"Columns Tested: A,B,C,D,E - F,G - H,I,J,K",,,,,,,,,,,,
08/11/11                                                                                                                             Page 143,,,,,,,,,,,,
York Consulting – Information to aid learner decisions – November 2010,,,,,,,,,,,,
 ,,,,,,,,,,,,
Q4.5 : How useful : The age range of students,,,,,,,,,,,,
Base: All respondents,,,,,,,,,,,,
,,Parental social grade ,,Ethnicity ,,,,,,Region ,,
,Total,ABC1,C2DE,Asian or Asian British,Black or Black British,Chinese,Mixed,White,Other,North,Midlands,South
Sig. Level: 95%,,a,b,c,d,*e,f,g,*h,i,j,k
Sig. Level: 99%,,A,B,C,D,*E,F,G,*H,I,J,K
Total,1052,614,367,85,50,10,35,836,21,306,299,447
,100%,100%,100%,100%,100%,100%,100%,100%,100%,100%,100%,100%
Very useful (5.0),135,74,53,14,12,1,4,98,3,43,36,56
,13%,12%,14%,16%,24%,10%,11%,12%,14%,14%,12%,13%
,,,,,g,,,,,,,
Somewhat useful (4.0),249,155,73,23,16,4,10,189,4,64,72,113
,24%,25%,20%,27%,32%,40%,29%,23%,19%,21%,24%,25%
Useful (3.0),276,158,108,27,6,1,14,217,7,79,86,111
,26%,26%,29%,32%,12%,10%,40%,26%,33%,26%,29%,25%
,,,,d,,,D,d,,,,
Not particularly useful (2.0),235,144,73,12,12,4,3,201,2,76,64,95
,22%,23%,20%,14%,24%,40%,9%,24%,10%,25%,21%,21%
,,,,,,,,cf,,,,
Not useful at all (1.0),145,75,58,7,2,0,4,123,5,42,37,66
,14%,12%,16%,8%,4%,0%,11%,15%,24%,14%,12%,15%
,,,,,,,,d,,,,
Don't know,12,8,2,2,2,0,0,8,0,2,4,6
,1%,1%,1%,2%,4%,0%,0%,1%,0%,1%,1%,1%
,,,,,g,,,,,,,
Mean,2.99,3.01,2.97,3.3,3.5,3.2,3.2,2.93,2.9,2.97,3.02,3
,,,,G,G,,,,,,,
Std. dev.,1.2,1.2,1.3,1.2,1.2,1.1,1.1,1.2,1.4,1.3,1.2,1.3
"Columns Tested: A,B - C,D,E,F,G,H - I,J,K",,,,,,,,,,,,
08/11/11                                                                                                                             Page 144,,,,,,,,,,,,
York Consulting – Information to aid learner decisions – November 2010,,,,,,,,,,,,
 ,,,,,,,,,,,,
Q4.5 : How useful : The age range of students,,,,,,,,,,,,
Base: All respondents,,,,,,,,,,,,
,,Disability ,
,Total,Yes,No
Sig. Level: 95%,,a,b
Sig. Level: 99%,,A,B
Total,1052,219,800
,100%,100%,100%
Very useful (5.0),135,34,92
,13%,16%,12%
Somewhat useful (4.0),249,60,185
,24%,27%,23%
Useful (3.0),276,50,215
,26%,23%,27%
Not particularly useful (2.0),235,46,184
,22%,21%,23%
Not useful at all (1.0),145,27,116
,14%,12%,15%
Don't know,12,2,8,,,,,,,,,,,
,1%,1%,1%,,,,,,,,,,,
Mean,2.99,3.13,2.94,,,,,,,,,,,
,,b,,,,,,,,,,,,
Std. dev.,1.2,1.3,1.2,,,,,,,,,,,
"Columns Tested: A,B",,,,,,,,,,,,,,
08/11/11                                                                                                                             Page 145,,,,,,,,,,,,,,
York Consulting – Information to aid learner decisions – November 2010,,,,,,,,,,,,,,
 ,,,,,,,,,,,,,,
Q4.5 : How useful : The age range of students,,,,,,,,,,,,,,
Base: All respondents,,,,,,,,,,,,,,
,,Learning provider ,,,,,,,,,,,,
,Total,State 6th form,State school,Grammar,City academy,Private school,6th form college,FE college,HEI,Workplace,Training centre,Learndirect,Community centre,Other
Sig. Level: 95%,,a,b,c,*d,*e,f,g,*h,i,*j,*k,*l,*m
Sig. Level: 99%,,A,B,C,*D,*E,F,G,*H,I,*J,*K,*L,*M
Total,1052,150,285,68,19,2,157,197,10,95,26,6,8,26
,100%,100%,100%,100%,100%,100%,100%,100%,100%,100%,100%,100%,100%,100%
Very useful (5.0),135,16,35,12,3,0,20,30,1,9,2,0,3,4
,13%,11%,12%,18%,16%,0%,13%,15%,10%,9%,8%,0%,38%,15%
Somewhat useful (4.0),249,39,75,14,8,1,34,45,3,16,6,1,2,4
,24%,26%,26%,21%,42%,50%,22%,23%,30%,17%,23%,17%,25%,15%
Useful (3.0),276,34,88,23,4,1,39,45,1,27,6,2,0,6
,26%,23%,31%,34%,21%,50%,25%,23%,10%,28%,23%,33%,0%,23%
Not particularly useful (2.0),235,40,51,12,2,0,40,49,4,21,6,1,1,6
,22%,27%,18%,18%,11%,0%,25%,25%,40%,22%,23%,17%,13%,23%
,,b,,,,,,,,,,,,
Not useful at all (1.0),145,21,31,7,2,0,22,26,1,20,6,2,2,5
,14%,14%,11%,10%,11%,0%,14%,13%,10%,21%,23%,33%,25%,19%
,,,,,,,,,,b,,,,
Don't know,12,0,5,0,0,0,2,2,0,2,0,0,0,1
,1%,0%,2%,0%,0%,0%,1%,1%,0%,2%,0%,0%,0%,4%
Mean,2.99,2.93,3.11,3.18,3.42,3.5,2.94,3.02,2.9,2.71,2.69,2.33,3.38,2.84
,,,I,i,,,,,,,,,,
Std. dev.,1.2,1.2,1.2,1.2,1.2,0.7,1.3,1.3,1.3,1.3,1.3,1.2,1.8,1.4
"Columns Tested: A,B,C,D,E,F,G,H,I,J,K,L,M",,,,,,,,,,,,,,
08/11/11                                                                                                                             Page 146,,,,,,,,,,,,,,
York Consulting – Information to aid learner decisions – November 2010,,,,,,,,,,,,,,
 ,,,,,,,,,,,,,,
Q4.6 : How useful : The proportion of disabled students,,,,,,,,,,,,,,
Base: All respondents,,,,,,,,,,,,,,
,,Sample groups ,,,,,Gender ,,Age ,,,,,
,Total,Under 16s,Not white British,Those with a disability,Social grade C2DE,Baseline,Male,Female,Under 16,16 – 18,19 – 25,Over 25,,
Sig. Level: 95%,,a,b,c,d,e,f,g,h,i,j,k,,
Sig. Level: 99%,,A,B,C,D,E,F,G,H,I,J,K,,
Total,1052,246,253,219,367,296,294,758,246,504,99,203,,
,100%,100%,100%,100%,100%,100%,100%,100%,100%,100%,100%,100%,,
Very useful (5.0),66,10,24,22,30,13,27,39,10,32,9,15,,
,6%,4%,9%,10%,8%,4%,9%,5%,4%,6%,9%,7%,,
,,,ae,ae,ae,,g,,,,,
Somewhat useful (4.0),93,21,29,15,28,26,32,61,21,40,15,17
,9%,9%,11%,7%,8%,9%,11%,8%,9%,8%,15%,8%
,,,,,,,,,,,i,
Useful (3.0),131,27,42,39,53,28,31,100,27,58,16,30
,12%,11%,17%,18%,14%,9%,11%,13%,11%,12%,16%,15%
,,,e,aE,,,,,,,,
Not particularly useful (2.0),381,93,79,78,130,104,97,284,93,189,29,70
,36%,38%,31%,36%,35%,35%,33%,37%,38%,38%,29%,34%
Not useful at all (1.0),351,83,71,57,119,118,93,258,83,177,27,64
,33%,34%,28%,26%,32%,40%,32%,34%,34%,35%,27%,32%
,,,,,,BCd,,,,,,
Don't know,30,12,8,8,7,7,14,16,12,8,3,7
,3%,5%,3%,4%,2%,2%,5%,2%,5%,2%,3%,3%
,,d,,,,,g,,I,,,
Mean,2.16,2.07,2.41,2.37,2.22,2,2.3,2.11,2.07,2.11,2.48,2.23
,,,AE,AE,e,,g,,,,HI,
Std. dev.,1.2,1.1,1.3,1.2,1.2,1.1,1.3,1.1,1.1,1.2,1.3,1.2
"Columns Tested: A,B,C,D,E - F,G - H,I,J,K",,,,,,,,,,,,
08/11/11                                                                                                                             Page 147,,,,,,,,,,,,
York Consulting – Information to aid learner decisions – November 2010,,,,,,,,,,,,
 ,,,,,,,,,,,,
Q4.6 : How useful : The proportion of disabled students,,,,,,,,,,,,
Base: All respondents,,,,,,,,,,,,
,,Parental social grade ,,Ethnicity ,,,,,,Region ,,
,Total,ABC1,C2DE,Asian or Asian British,Black or Black British,Chinese,Mixed,White,Other,North,Midlands,South
Sig. Level: 95%,,a,b,c,d,*e,f,g,*h,i,j,k
Sig. Level: 99%,,A,B,C,D,*E,F,G,*H,I,J,K
Total,1052,614,367,85,50,10,35,836,21,306,299,447
,100%,100%,100%,100%,100%,100%,100%,100%,100%,100%,100%,100%
Very useful (5.0),66,30,30,13,3,1,2,46,1,17,21,28
,6%,5%,8%,15%,6%,10%,6%,6%,5%,6%,7%,6%
,,,a,G,,,,,,,,
Somewhat useful (4.0),93,53,28,11,8,1,3,67,2,25,25,43
,9%,9%,8%,13%,16%,10%,9%,8%,10%,8%,8%,10%
,,,,,g,,,,,,,
Useful (3.0),131,73,53,14,6,1,4,97,4,43,40,48
,12%,12%,14%,16%,12%,10%,11%,12%,19%,14%,13%,11%
Not particularly useful (2.0),381,227,130,23,19,5,11,316,4,114,109,158
,36%,37%,35%,27%,38%,50%,31%,38%,19%,37%,36%,35%
Not useful at all (1.0),351,209,119,21,11,2,15,287,9,99,93,159
,33%,34%,32%,25%,22%,20%,43%,34%,43%,32%,31%,36%
,,,,,,,d,,,,,
Don't know,30,22,7,3,3,0,0,23,1,8,11,11
,3%,4%,2%,4%,6%,0%,0%,3%,5%,3%,4%,2%
Mean,2.16,2.1,2.22,2.66,2.43,2.4,2.03,2.1,2.1,2.15,2.21,2.14
,,,,fG,,,,,,,,
Std. dev.,1.2,1.1,1.2,1.4,1.2,1.3,1.2,1.1,1.3,1.1,1.2,1.2
"Columns Tested: A,B - C,D,E,F,G,H - I,J,K",,,
08/11/11                                                                                                                             Page 148,,,
York Consulting – Information to aid learner decisions – November 2010,,,
 ,,,
Q4.6 : How useful : The proportion of disabled students,,,
Base: All respondents,,,
,,Disability ,
,Total,Yes,No
Sig. Level: 95%,,a,b
Sig. Level: 99%,,A,B
Total,1052,219,800
,100%,100%,100%
Very useful (5.0),66,22,40
,6%,10%,5%
,,B,
Somewhat useful (4.0),93,15,77
,9%,7%,10%
Useful (3.0),131,39,87
,12%,18%,11%
,,B,
Not particularly useful (2.0),381,78,293
,36%,36%,37%
Not useful at all (1.0),351,57,284
,33%,26%,36%
,,,A
Don't know,30,8,19
,3%,4%,2%
Mean,2.16,2.37,2.1
,,B,
Std. dev.,1.2,1.2,1.1
"Columns Tested: A,B",,,
08/11/11                                                                                                                             Page 149,,,
York Consulting – Information to aid learner decisions – November 2010,,,,,,,,,,,,,,
 ,,,,,,,,,,,,,,
Q4.6 : How useful : The proportion of disabled students,,,,,,,,,,,,,,
Base: All respondents,,,,,,,,,,,,,,
,,Learning provider ,,,,,,,,,,,,
,Total,State 6th form,State school,Grammar,City academy,Private school,6th form college,FE college,HEI,Workplace,Training centre,Learndirect,Community centre,Other
Sig. Level: 95%,,a,b,c,*d,*e,f,g,*h,i,*j,*k,*l,*m
Sig. Level: 99%,,A,B,C,*D,*E,F,G,*H,I,*J,*K,*L,*M
Total,1052,150,285,68,19,2,157,197,10,95,26,6,8,26
,100%,100%,100%,100%,100%,100%,100%,100%,100%,100%,100%,100%,100%,100%
Very useful (5.0),66,10,9,3,0,0,12,20,1,4,2,0,2,3
,6%,7%,3%,4%,0%,0%,8%,10%,10%,4%,8%,0%,25%,12%
,,,,,,,b,B,,,,,,
Somewhat useful (4.0),93,7,16,9,5,0,16,27,1,6,0,1,1,4
,9%,5%,6%,13%,26%,0%,10%,14%,10%,6%,0%,17%,13%,15%
,,,,ab,,,,AB,,,,,,
Useful (3.0),131,26,32,4,1,1,13,29,0,15,5,0,2,3
,12%,17%,11%,6%,5%,50%,8%,15%,0%,16%,19%,0%,25%,12%
,,cf,,,,,,,,,,,,
Not particularly useful (2.0),381,55,114,22,4,1,60,67,4,32,9,3,1,7
,36%,37%,40%,32%,21%,50%,38%,34%,40%,34%,35%,50%,13%,27%
Not useful at all (1.0),351,50,102,26,9,0,52,52,4,34,10,2,2,8
,33%,33%,36%,38%,47%,0%,33%,26%,40%,36%,38%,33%,25%,31%
,,,g,,,,,,,,,,,
Don't know,30,2,12,4,0,0,4,2,0,4,0,0,0,1
,3%,1%,4%,6%,0%,0%,3%,1%,0%,4%,0%,0%,0%,4%
,,,g,g,,,,,,,,,,
Mean,2.16,2.14,1.96,2.08,2.11,2.5,2.19,2.47,2.1,2.05,2.04,2,3,2.48
,,,,,,,b,aBcfI,,,,,,
Std. dev.,1.2,1.1,1,1.2,1.3,0.7,1.2,1.3,1.4,1.1,1.1,1.1,1.6,1.4
"Columns Tested: A,B,C,D,E,F,G,H,I,J,K,L,M",,,,,,,,,,,,,,
08/11/11                                                                                                                             Page 150,,,,,,,,,,,,,,
York Consulting – Information to aid learner decisions – November 2010,,,,,,,,,,,,
 ,,,,,,,,,,,,
Gender -,,,,,,,,,,,,
Base: All respondents,,,,,,,,,,,,
,,Sample groups ,,,,,Gender ,,Age ,,,
,Total,Under 16s,Not white British,Those with a disability,Social grade C2DE,Baseline,Male,Female,Under 16,16 – 18,19 – 25,Over 25
Sig. Level: 95%,,a,b,c,d,e,f,g,h,i,j,k
Sig. Level: 99%,,A,B,C,D,E,F,G,H,I,J,K
Total,1052,246,253,219,367,296,294,758,246,504,99,203
,100%,100%,100%,100%,100%,100%,100%,100%,100%,100%,100%,100%
Male,294,62,60,64,99,88,294,0,62,143,31,58
,28%,25%,24%,29%,27%,30%,100%,0%,25%,28%,31%,29%
,,,,,,,G,,,,,
Female,758,184,193,155,268,208,0,758,184,361,68,145
,72%,75%,76%,71%,73%,70%,0%,100%,75%,72%,69%,71%
,,,,,,,,F,,,,
"Columns Tested: A,B,C,D,E - F,G - H,I,J,K",,,,,,,,,,,,
08/11/11                                                                                                                             Page 151,,,,,,,,,,,,
York Consulting – Information to aid learner decisions – November 2010,,,,,,,,,,,,
 ,,,,,,,,,,,,
Gender -,,,,,,,,,,,,
Base: All respondents,,,,,,,,,,,,
,,Parental social grade ,,Ethnicity ,,,,,,Region ,,
,Total,ABC1,C2DE,Asian or Asian British,Black or Black British,Chinese,Mixed,White,Other,North,Midlands,South
Sig. Level: 95%,,a,b,c,d,*e,f,g,*h,i,j,k
Sig. Level: 99%,,A,B,C,D,*E,F,G,*H,I,J,K
Total,1052,614,367,85,50,10,35,836,21,306,299,447
,100%,100%,100%,100%,100%,100%,100%,100%,100%,100%,100%,100%
Male,294,178,99,23,5,4,6,246,6,93,84,117
,28%,29%,27%,27%,10%,40%,17%,29%,29%,30%,28%,26%
,,,,d,,,,D,,,,
Female,758,436,268,62,45,6,29,590,15,213,215,330
,72%,71%,73%,73%,90%,60%,83%,71%,71%,70%,72%,74%
,,,,,cG,,,,,,,
"Columns Tested: A,B - C,D,E,F,G,H - I,J,K",,,,,,,,,,,,
08/11/11                                                                                                                             Page 152,,,,,,,,,,,,
York Consulting – Information to aid learner decisions – November 2010,,,,,,,,,,,,
 ,,,,,,,,,,,,
Gender -,,,,,,,,,,,,
Base: All respondents,,,,,,,,,,,,
,,Disability ,,,,,,,,,,
,Total,Yes,No,,,,,,,,,
Sig. Level: 95%,,a,b,,,,,,,,,
Sig. Level: 99%,,A,B,,,,,,,,,
Total,1052,219,800,,,,,,,,,
,100%,100%,100%,,,,,,,,,
Male,294,64,222,,,,,,,,,
,28%,29%,28%,,,,,,,,,
Female,758,155,578,,,,,,,,,,,
,72%,71%,72%,,,,,,,,,,,
"Columns Tested: A,B",,,,,,,,,,,,,,
08/11/11                                                                                                                             Page 153,,,,,,,,,,,,,,
York Consulting – Information to aid learner decisions – November 2010,,,,,,,,,,,,,,
 ,,,,,,,,,,,,,,
Gender -,,,,,,,,,,,,,,
Base: All respondents,,,,,,,,,,,,,,
,,Learning provider ,,,,,,,,,,,,
,Total,State 6th form,State school,Grammar,City academy,Private school,6th form college,FE college,HEI,Workplace,Training centre,Learndirect,Community centre,Other
Sig. Level: 95%,,a,b,c,*d,*e,f,g,*h,i,*j,*k,*l,*m
Sig. Level: 99%,,A,B,C,*D,*E,F,G,*H,I,*J,*K,*L,*M
Total,1052,150,285,68,19,2,157,197,10,95,26,6,8,26
,100%,100%,100%,100%,100%,100%,100%,100%,100%,100%,100%,100%,100%,100%
Male,294,45,71,17,4,0,49,54,4,29,9,2,2,8
,28%,30%,25%,25%,21%,0%,31%,27%,40%,31%,35%,33%,25%,31%
Female,758,105,214,51,15,2,108,143,6,66,17,4,6,18
,72%,70%,75%,75%,79%,100%,69%,73%,60%,69%,65%,67%,75%,69%
"Columns Tested: A,B,C,D,E,F,G,H,I,J,K,L,M",,,,,,,,,,,,,,
08/11/11                                                                                                                             Page 154,,,,,,,,,,,,,,
York Consulting – Information to aid learner decisions – November 2010,,,,,,,,,,,,,,
 ,,,,,,,,,,,,,,
What is / was the occupation of the chief income earner in your PARENTAL household? -,,,,,,,,,,,,,,
Base: All respondents,,,,,,,,,,,,,,
,,Sample groups ,,,,,Gender ,,Age ,,,,,
,Total,Under 16s,Not white British,Those with a disability,Social grade C2DE,Baseline,Male,Female,Under 16,16 – 18,19 – 25,Over 25,,
Sig. Level: 95%,,a,b,c,d,e,f,g,h,i,j,k,,
Sig. Level: 99%,,A,B,C,D,E,F,G,H,I,J,K,,
Total,1052,246,253,219,367,296,294,758,246,504,99,203,,
,100%,100%,100%,100%,100%,100%,100%,100%,100%,100%,100%,100%,,
"A - Professional / higher managerial (e.g. doctor, lawyer, chairman or managing director of medium or large firm)",94,28,23,17,0,38,25,69,28,49,3,14,,
,9%,11%,9%,8%,0%,13%,9%,9%,11%,10%,3%,7%,,
,,D,D,D,,D,,,j,j,,
"B - Manager / senior administrator (e.g. senior manager, owner of small business, head teacher)",240,67,46,48,0,107,69,171,67,116,22,35
,23%,27%,18%,22%,0%,36%,23%,23%,27%,23%,22%,17%
,,bD,D,D,,aBCD,,,k,,,
"C1 - Supervisor / clerical / skilled non-manual (e.g. teacher, secretary, junior manager, police constable)",280,72,60,60,0,122,84,196,72,127,26,55
,27%,29%,24%,27%,0%,41%,29%,26%,29%,25%,26%,27%
,,D,D,D,,ABCD,,,,,,
"C2 - Skilled manual worker (e.g. fireman, plumber, electrician, hairdresser)",154,31,28,30,154,0,41,113,31,72,16,35
,15%,13%,11%,14%,42%,0%,14%,15%,13%,14%,16%,17%
,,E,E,E,ABCE,,,,,,,
"D - Semi-skilled / unskilled manual worker (e.g. assembler, postman, shop assistant)",130,18,36,24,130,0,41,89,18,60,20,32
,12%,7%,14%,11%,35%,0%,14%,12%,7%,12%,20%,16%
,,E,aE,E,ABCE,,,,,,Hi,H
"E - Receiving state benefits for sickness, unemployment, old age or any other reason",83,17,35,22,83,0,17,66,17,46,4,16
,8%,7%,14%,10%,23%,0%,6%,9%,7%,9%,4%,8%
,,E,aE,E,ABCE,,,,,,,
Other,71,13,25,18,0,29,17,54,13,34,8,16
,7%,5%,10%,8%,0%,10%,6%,7%,5%,7%,8%,8%
,,D,D,D,,D,,,,,,
"Columns Tested: A,B,C,D,E - F,G - H,I,J,K",,,,,,,,,,,,
08/11/11                                                                                                                             Page 155,,,,,,,,,,,,
York Consulting – Information to aid learner decisions – November 2010,,,,,,,,,,,,
 ,,,,,,,,,,,,
What is / was the occupation of the chief income earner in your PARENTAL household? -,,,,,,,,,,,,
Base: All respondents,,,,,,,,,,,,
,,Parental social grade ,,Ethnicity ,,,,,,Region ,,
,Total,ABC1,C2DE,Asian or Asian British,Black or Black British,Chinese,Mixed,White,Other,North,Midlands,South
Sig. Level: 95%,,a,b,c,d,*e,f,g,*h,i,j,k
Sig. Level: 99%,,A,B,C,D,*E,F,G,*H,I,J,K
Total,1052,614,367,85,50,10,35,836,21,306,299,447
,100%,100%,100%,100%,100%,100%,100%,100%,100%,100%,100%,100%
"A - Professional / higher managerial (e.g. doctor, lawyer, chairman or managing director of medium or large firm)",94,94,0,6,8,0,5,72,1,18,29,47
,9%,15%,0%,7%,16%,0%,14%,9%,5%,6%,10%,11%
,,B,,,,,,,,,,i
"B - Manager / senior administrator (e.g. senior manager, owner of small business, head teacher)",240,240,0,15,13,1,2,203,2,65,65,110
,23%,39%,0%,18%,26%,10%,6%,24%,10%,21%,22%,25%
,,B,,,f,,,f,,,,
"C1 - Supervisor / clerical / skilled non-manual (e.g. teacher, secretary, junior manager, police constable)",280,280,0,21,14,1,9,230,1,92,81,107
,27%,46%,0%,25%,28%,10%,26%,28%,5%,30%,27%,24%
,,B,,,,,,,,,,
"C2 - Skilled manual worker (e.g. fireman, plumber, electrician, hairdresser)",154,0,154,9,3,2,4,131,5,48,44,62
,15%,0%,42%,11%,6%,20%,11%,16%,24%,16%,15%,14%
,,,A,,,,,,,,,
"D - Semi-skilled / unskilled manual worker (e.g. assembler, postman, shop assistant)",130,0,130,15,4,3,2,101,5,42,43,45
,12%,0%,35%,18%,8%,30%,6%,12%,24%,14%,14%,10%
,,,A,,,,,,,,,
"E - Receiving state benefits for sickness, unemployment, old age or any other reason",83,0,83,12,3,1,9,52,3,22,24,37
,8%,0%,23%,14%,6%,10%,26%,6%,14%,7%,8%,8%
,,,A,G,,,dG,,,,,
Other,71,0,0,7,5,2,4,47,4,19,13,39
,7%,0%,0%,8%,10%,20%,11%,6%,19%,6%,4%,9%
,,,,,,,,,,,,j
"Columns Tested: A,B - C,D,E,F,G,H - I,J,K",,,,,,,,,,,,
08/11/11                                                                                                                             Page 156,,,,,,,,,,,,
York Consulting – Information to aid learner decisions – November 2010,,,,,,,,,,,,
 ,,,,,,,,,,,,
What is / was the occupation of the chief income earner in your PARENTAL household? -,,,,,,,,,,,,
Base: All respondents,,,,,,,,,,,,
,,Disability ,,,,,,,,,,
,Total,Yes,No,,,,,,,,,
Sig. Level: 95%,,a,b,,,,,,,,,
Sig. Level: 99%,,A,B,,,,,,,,,
Total,1052,219,800,,,,,,,,,
,100%,100%,100%,,,,,,,,,
"A - Professional / higher managerial (e.g. doctor, lawyer, chairman or managing director of medium or large firm)",94,17,73
,9%,8%,9%
"B - Manager / senior administrator (e.g. senior manager, owner of small business, head teacher)",240,48,187
,23%,22%,23%
"C1 - Supervisor / clerical / skilled non-manual (e.g. teacher, secretary, junior manager, police constable)",280,60,211
,27%,27%,26%
"C2 - Skilled manual worker (e.g. fireman, plumber, electrician, hairdresser)",154,30,120
,15%,14%,15%
"D - Semi-skilled / unskilled manual worker (e.g. assembler, postman, shop assistant)",130,24,105
,12%,11%,13%
"E - Receiving state benefits for sickness, unemployment, old age or any other reason",83,22,58
,8%,10%,7%
Other,71,18,46
,7%,8%,6%
"Columns Tested: A,B",,,
08/11/11                                                                                                                             Page 157,,,
York Consulting – Information to aid learner decisions – November 2010,,,,,,,,,,,,,,
 ,,,,,,,,,,,,,,
What is / was the occupation of the chief income earner in your PARENTAL household? -,,,,,,,,,,,,,,
Base: All respondents,,,,,,,,,,,,,,
,,Learning provider ,,,,,,,,,,,,
,Total,State 6th form,State school,Grammar,City academy,Private school,6th form college,FE college,HEI,Workplace,Training centre,Learndirect,Community centre,Other
Sig. Level: 95%,,a,b,c,*d,*e,f,g,*h,i,*j,*k,*l,*m
Sig. Level: 99%,,A,B,C,*D,*E,F,G,*H,I,*J,*K,*L,*M
Total,1052,150,285,68,19,2,157,197,10,95,26,6,8,26
,100%,100%,100%,100%,100%,100%,100%,100%,100%,100%,100%,100%,100%,100%
"A - Professional / higher managerial (e.g. doctor, lawyer, chairman or managing director of medium or large firm)",94,16,27,10,1,0,19,10,1,4,3,0,1,1
,9%,11%,9%,15%,5%,0%,12%,5%,10%,4%,12%,0%,13%,4%
,,,,gi,,,gi,,,,,,,
"B - Manager / senior administrator (e.g. senior manager, owner of small business, head teacher)",240,34,81,18,3,0,42,35,1,18,2,2,2,2
,23%,23%,28%,26%,16%,0%,27%,18%,10%,19%,8%,33%,25%,8%
,,,G,,,,g,,,,,,,
"C1 - Supervisor / clerical / skilled non-manual (e.g. teacher, secretary, junior manager, police constable)",280,43,83,21,3,0,37,45,3,29,9,0,0,7
,27%,29%,29%,31%,16%,0%,24%,23%,30%,31%,35%,0%,0%,27%
"C2 - Skilled manual worker (e.g. fireman, plumber, electrician, hairdresser)",154,23,32,8,3,1,20,39,2,16,3,1,1,4
,15%,15%,11%,12%,16%,50%,13%,20%,20%,17%,12%,17%,13%,15%
,,,,,,,,B,,,,,,
"D - Semi-skilled / unskilled manual worker (e.g. assembler, postman, shop assistant)",130,20,27,5,3,0,16,32,1,18,3,0,3,2
,12%,13%,9%,7%,16%,0%,10%,16%,10%,19%,12%,0%,38%,8%
,,,,,,,,b,,bcf,,,,
"E - Receiving state benefits for sickness, unemployment, old age or any other reason",83,4,22,1,3,0,15,18,2,6,2,3,1,5
,8%,3%,8%,1%,16%,0%,10%,9%,20%,6%,8%,50%,13%,19%
,,,a,,,,ac,ac,,,,,,
Other,71,10,13,5,3,1,8,18,0,4,4,0,0,5
,7%,7%,5%,7%,16%,50%,5%,9%,0%,4%,15%,0%,0%,19%
,,,,,,,,b,,,,,,
"Columns Tested: A,B,C,D,E,F,G,H,I,J,K,L,M",,,,,,,,,,,,,,
08/11/11                                                                                                                             Page 158,,,,,,,,,,,,,,
York Consulting – Information to aid learner decisions – November 2010,,,,,,,,,,,,
 ,,,,,,,,,,,,
What is your ethnicity? -,,,,,,,,,,,,
Base: All respondents,,,,,,,,,,,,
,,Sample groups ,,,,,Gender ,,Age ,,,
,Total,Under 16s,Not white British,Those with a disability,Social grade C2DE,Baseline,Male,Female,Under 16,16 – 18,19 – 25,Over 25
Sig. Level: 95%,,a,b,c,d,e,f,g,h,i,j,k
Sig. Level: 99%,,A,B,C,D,E,F,G,H,I,J,K
Total,1052,246,253,219,367,296,294,758,246,504,99,203
,100%,100%,100%,100%,100%,100%,100%,100%,100%,100%,100%,100%
Asian or Asian British - Bangladeshi,15,3,15,4,11,0,4,11,3,8,3,1
,1%,1%,6%,2%,3%,0%,1%,1%,1%,2%,3%,*%
,,,AcE,e,E,,,,,,,
Asian or Asian British - Indian,31,8,31,6,11,0,9,22,8,9,5,9
,3%,3%,12%,3%,3%,0%,3%,3%,3%,2%,5%,4%
,,E,ACDE,E,E,,,,,,i,i
Asian or Asian British - Pakistani,25,3,25,5,10,0,7,18,3,12,6,4
,2%,1%,10%,2%,3%,0%,2%,2%,1%,2%,6%,2%
,,,ACDE,E,E,,,,,,hi,
Asian or Asian British - any other Asian background,14,2,14,4,4,0,3,11,2,9,2,1
,1%,1%,6%,2%,1%,0%,1%,1%,1%,2%,2%,*%
,,,AcDE,e,,,,,,,,
Black or Black British - African,25,5,25,6,3,0,5,20,5,13,3,4
,2%,2%,10%,3%,1%,0%,2%,3%,2%,3%,3%,2%
,,e,ACDE,E,,,,,,,,
Black or Black British - Caribbean,22,2,22,4,6,0,0,22,2,10,4,6
,2%,1%,9%,2%,2%,0%,0%,3%,1%,2%,4%,3%
,,,ACDE,e,e,,,F,,,h,
Black or Black British - any other Black background,3,1,3,0,1,0,0,3,1,2,0,0
,*%,*%,1%,0%,*%,0%,0%,*%,*%,*%,0%,0%
Chinese,10,2,10,0,6,0,4,6,2,5,3,0
,1%,1%,4%,0%,2%,0%,1%,1%,1%,1%,3%,0%
,,,aCE,,e,,,,,,k,
Mixed - White and Asian,12,3,12,1,3,0,2,10,3,9,0,0
,1%,1%,5%,*%,1%,0%,1%,1%,1%,2%,0%,0%
,,,aCDE,,,,,,,,,
Mixed - White and Black African,4,2,4,0,1,0,0,4,2,2,0,0
,*%,1%,2%,0%,*%,0%,0%,1%,1%,*%,0%,0%
,,,e,,,,,,,,,
Mixed - White and Black Caribbean,7,0,7,0,4,0,3,4,0,7,0,0
,1%,0%,3%,0%,1%,0%,1%,1%,0%,1%,0%,0%
,,,AcE,,,,,,,,,
Mixed - any other Mixed background,12,3,12,2,7,0,1,11,3,8,1,0
,1%,1%,5%,1%,2%,0%,*%,1%,1%,2%,1%,0%
,,,acdE,,e,,,,,,,
"Columns Tested: A,B,C,D,E - F,G - H,I,J,K",,,,,,,,,,,,
08/11/11                                                                                                                             Page 159,,,,,,,,,,,,
York Consulting – Information to aid learner decisions – November 2010,,,,,,,,,,,,
 ,,,,,,,,,,,,
What is your ethnicity? -,,,,,,,,,,,,
Base: All respondents,,,,,,,,,,,,
,,Sample groups ,,,,,Gender ,,Age ,,,
,Total,Under 16s,Not white British,Those with a disability,Social grade C2DE,Baseline,Male,Female,Under 16,16 – 18,19 – 25,Over 25
Sig. Level: 95%,,a,b,c,d,e,f,g,h,i,j,k
Sig. Level: 99%,,A,B,C,D,E,F,G,H,I,J,K
Total,1052,246,253,219,367,296,294,758,246,504,99,203
,100%,100%,100%,100%,100%,100%,100%,100%,100%,100%,100%,100%
White - British,799,203,0,169,268,296,234,565,203,374,64,158
,76%,83%,0%,77%,73%,100%,80%,75%,83%,74%,65%,78%
,,BD,,B,B,ABCD,,,iJ,,,j
White - Irish,4,0,4,2,2,0,0,4,0,1,0,3
,*%,0%,2%,1%,1%,0%,0%,1%,0%,*%,0%,1%
,,,ae,,,,,,,,,i
White - any other White background,33,6,33,11,14,0,12,21,6,17,4,6
,3%,2%,13%,5%,4%,0%,4%,3%,2%,3%,4%,3%
,,E,ACDE,E,E,,,,,,,
Other (please specify),21,1,21,4,13,0,6,15,1,9,3,8
,2%,*%,8%,2%,4%,0%,2%,2%,*%,2%,3%,4%
,,,ACdE,e,aE,,,,,,h,H
Prefer not to say,15,2,15,1,3,0,4,11,2,9,1,3
,1%,1%,6%,*%,1%,0%,1%,1%,1%,2%,1%,1%
,,,ACDE,,,,,,,,,
"Columns Tested: A,B,C,D,E - F,G - H,I,J,K",,,,,,,,,,,,
08/11/11                                                                                                                             Page 160,,,,,,,,,,,,
York Consulting – Information to aid learner decisions – November 2010,,,,,,,,,,,,
 ,,,,,,,,,,,,
What is your ethnicity? -,,,,,,,,,,,,
Base: All respondents,,,,,,,,,,,,
,,Parental social grade ,,Ethnicity ,,,,,,Region ,,
,Total,ABC1,C2DE,Asian or Asian British,Black or Black British,Chinese,Mixed,White,Other,North,Midlands,South
Sig. Level: 95%,,a,b,c,d,*e,f,g,*h,i,j,k
Sig. Level: 99%,,A,B,C,D,*E,F,G,*H,I,J,K
Total,1052,614,367,85,50,10,35,836,21,306,299,447
,100%,100%,100%,100%,100%,100%,100%,100%,100%,100%,100%,100%
Asian or Asian British - Bangladeshi,15,3,11,15,0,0,0,0,0,4,5,6
,1%,*%,3%,18%,0%,0%,0%,0%,0%,1%,2%,1%
,,,A,DFG,,,,,,,,
Asian or Asian British - Indian,31,20,11,31,0,0,0,0,0,8,13,10
,3%,3%,3%,36%,0%,0%,0%,0%,0%,3%,4%,2%
,,,,DFG,,,,,,,,
Asian or Asian British - Pakistani,25,12,10,25,0,0,0,0,0,9,9,7
,2%,2%,3%,29%,0%,0%,0%,0%,0%,3%,3%,2%
,,,,DFG,,,,,,,,
Asian or Asian British - any other Asian background,14,7,4,14,0,0,0,0,0,3,2,9
,1%,1%,1%,16%,0%,0%,0%,0%,0%,1%,1%,2%
,,,,DfG,,,,,,,,
Black or Black British - African,25,18,3,0,25,0,0,0,0,3,2,20
,2%,3%,1%,0%,50%,0%,0%,0%,0%,1%,1%,4%
,,b,,,CFG,,,,,,,IJ
Black or Black British - Caribbean,22,15,6,0,22,0,0,0,0,0,5,17
,2%,2%,2%,0%,44%,0%,0%,0%,0%,0%,2%,4%
,,,,,CFG,,,,,,i,I
Black or Black British - any other Black background,3,2,1,0,3,0,0,0,0,0,0,3
,*%,*%,*%,0%,6%,0%,0%,0%,0%,0%,0%,1%
,,,,,cG,,,,,,,
Chinese,10,2,6,0,0,10,0,0,0,5,1,4
,1%,*%,2%,0%,0%,100%,0%,0%,0%,2%,*%,1%
,,,a,,,,,,,,,
Mixed - White and Asian,12,7,3,0,0,0,12,0,0,2,6,4
,1%,1%,1%,0%,0%,0%,34%,0%,0%,1%,2%,1%
,,,,,,,CDG,,,,,
Mixed - White and Black African,4,3,1,0,0,0,4,0,0,0,1,3
,*%,*%,*%,0%,0%,0%,11%,0%,0%,0%,*%,1%
,,,,,,,CdG,,,,,
Mixed - White and Black Caribbean,7,3,4,0,0,0,7,0,0,3,2,2
,1%,*%,1%,0%,0%,0%,20%,0%,0%,1%,1%,*%
,,,,,,,CDG,,,,,
Mixed - any other Mixed background,12,3,7,0,0,0,12,0,0,2,2,8
,1%,*%,2%,0%,0%,0%,34%,0%,0%,1%,1%,2%
,,,a,,,,CDG,,,,,
"Columns Tested: A,B - C,D,E,F,G,H - I,J,K",,,,,,,,,,,,
08/11/11                                                                                                                             Page 161,,,,,,,,,,,,
York Consulting – Information to aid learner decisions – November 2010,,,,,,,,,,,,
 ,,,,,,,,,,,,
What is your ethnicity? -,,,,,,,,,,,,
Base: All respondents,,,,,,,,,,,,
,,Parental social grade ,,Ethnicity ,,,,,,Region ,,
,Total,ABC1,C2DE,Asian or Asian British,Black or Black British,Chinese,Mixed,White,Other,North,Midlands,South
Sig. Level: 95%,,a,b,c,d,*e,f,g,*h,i,j,k
Sig. Level: 99%,,A,B,C,D,*E,F,G,*H,I,J,K
Total,1052,614,367,85,50,10,35,836,21,306,299,447
,100%,100%,100%,100%,100%,100%,100%,100%,100%,100%,100%,100%
White - British,799,485,268,0,0,0,0,799,0,250,240,309
,76%,79%,73%,0%,0%,0%,0%,96%,0%,82%,80%,69%
,,b,,,,,,CDF,,K,K,
White - Irish,4,2,2,0,0,0,0,4,0,2,1,1
,*%,*%,1%,0%,0%,0%,0%,*%,0%,1%,*%,*%
White - any other White background,33,18,14,0,0,0,0,33,0,11,6,16
,3%,3%,4%,0%,0%,0%,0%,4%,0%,4%,2%,4%
Other (please specify),21,4,13,0,0,0,0,0,21,3,3,15
,2%,1%,4%,0%,0%,0%,0%,0%,100%,1%,1%,3%
,,,A,,,,,,,,,ij
Prefer not to say,15,10,3,0,0,0,0,0,0,1,1,13
,1%,2%,1%,0%,0%,0%,0%,0%,0%,*%,*%,3%
,,,,,,,,,,,,ij
"Columns Tested: A,B - C,D,E,F,G,H - I,J,K",,,,,,,,,,,,
08/11/11                                                                                                                             Page 162,,,,,,,,,,,,
York Consulting – Information to aid learner decisions – November 2010,,,,,,,,,,,,
 ,,,,,,,,,,,,
What is your ethnicity? -,,,,,,,,,,,,
Base: All respondents,,,,,,,,,,,,
,,Disability ,,,,,,,,,,
,Total,Yes,No,,,,,,,,,
Sig. Level: 95%,,a,b,,,,,,,,,
Sig. Level: 99%,,A,B,,,,,,,,,
Total,1052,219,800,,,,,,,,,
,100%,100%,100%,,,,,,,,,
Asian or Asian British - Bangladeshi,15,4,9,,,,,,,,,
,1%,2%,1%,,,,,,,,,
Asian or Asian British - Indian,31,6,25,,,,,,,,,
,3%,3%,3%
Asian or Asian British - Pakistani,25,5,20
,2%,2%,3%
Asian or Asian British - any other Asian background,14,4,10
,1%,2%,1%
Black or Black British - African,25,6,18
,2%,3%,2%
Black or Black British - Caribbean,22,4,18
,2%,2%,2%
Black or Black British - any other Black background,3,0,2
,*%,0%,*%
Chinese,10,0,10
,1%,0%,1%
Mixed - White and Asian,12,1,9
,1%,*%,1%
Mixed - White and Black African,4,0,4
,*%,0%,1%
Mixed - White and Black Caribbean,7,0,7
,1%,0%,1%
Mixed - any other Mixed background,12,2,10
,1%,1%,1%
White - British,799,169,611
,76%,77%,76%
White - Irish,4,2,2
,*%,1%,*%
White - any other White background,33,11,22
,3%,5%,3%
Other (please specify),21,4,14
,2%,2%,2%
Prefer not to say,15,1,9
,1%,*%,1%
"Columns Tested: A,B",,,
08/11/11                                                                                                                             Page 163,,,,,,,,,,,,,,
York Consulting – Information to aid learner decisions – November 2010,,,,,,,,,,,,,,
 ,,,,,,,,,,,,,,
What is your ethnicity? -,,,,,,,,,,,,,,
Base: All respondents,,,,,,,,,,,,,,
,,Learning provider ,,,,,,,,,,,,
,Total,State 6th form,State school,Grammar,City academy,Private school,6th form college,FE college,HEI,Workplace,Training centre,Learndirect,Community centre,Other
Sig. Level: 95%,,a,b,c,*d,*e,f,g,*h,i,*j,*k,*l,*m
Sig. Level: 99%,,A,B,C,*D,*E,F,G,*H,I,*J,*K,*L,*M
Total,1052,150,285,68,19,2,157,197,10,95,26,6,8,26
,100%,100%,100%,100%,100%,100%,100%,100%,100%,100%,100%,100%,100%,100%
Asian or Asian British - Bangladeshi,15,3,3,1,0,0,5,1,0,1,0,1,0,0
,1%,2%,1%,1%,0%,0%,3%,1%,0%,1%,0%,17%,0%,0%
Asian or Asian British - Indian,31,6,7,3,0,0,3,7,0,5,0,0,0,0
,3%,4%,2%,4%,0%,0%,2%,4%,0%,5%,0%,0%,0%,0%
Asian or Asian British - Pakistani,25,4,2,1,0,0,6,5,2,1,3,0,0,1
,2%,3%,1%,1%,0%,0%,4%,3%,20%,1%,12%,0%,0%,4%
,,,,,,,b,,,,,,,
Asian or Asian British - any other Asian background,14,2,4,3,1,0,0,2,1,0,0,0,0,1
,1%,1%,1%,4%,5%,0%,0%,1%,10%,0%,0%,0%,0%,4%
,,,,Fi,,,,,,,,,,
Black or Black British - African,25,3,4,2,1,0,9,3,0,0,1,0,1,1
,2%,2%,1%,3%,5%,0%,6%,2%,0%,0%,4%,0%,13%,4%
,,,,,,,bgi,,,,,,,
Black or Black British - Caribbean,22,0,5,1,1,0,3,8,0,4,0,0,0,0
,2%,0%,2%,1%,5%,0%,2%,4%,0%,4%,0%,0%,0%,0%
,,,,,,,,a,,a,,,,
Black or Black British - any other Black background,3,0,1,0,0,0,1,1,0,0,0,0,0,0
,*%,0%,*%,0%,0%,0%,1%,1%,0%,0%,0%,0%,0%,0%
Chinese,10,4,3,0,0,0,2,1,0,0,0,0,0,0
,1%,3%,1%,0%,0%,0%,1%,1%,0%,0%,0%,0%,0%,0%
Mixed - White and Asian,12,3,6,1,0,0,2,0,0,0,0,0,0,0
,1%,2%,2%,1%,0%,0%,1%,0%,0%,0%,0%,0%,0%,0%
,,g,g,,,,,,,,,,,
Mixed - White and Black African,4,0,3,1,0,0,0,0,0,0,0,0,0,0
,*%,0%,1%,1%,0%,0%,0%,0%,0%,0%,0%,0%,0%,0%
Mixed - White and Black Caribbean,7,0,0,0,0,0,3,3,0,0,1,0,0,0
,1%,0%,0%,0%,0%,0%,2%,2%,0%,0%,4%,0%,0%,0%
,,,,,,,b,b,,,,,,
Mixed - any other Mixed background,12,2,2,2,0,0,2,3,0,0,1,0,0,0
,1%,1%,1%,3%,0%,0%,1%,2%,0%,0%,4%,0%,0%,0%
White - British,799,111,229,51,16,2,109,145,7,77,19,3,7,21
,76%,74%,80%,75%,84%,100%,69%,74%,70%,81%,73%,50%,88%,81%
,,,F,,,,,,,f,,,,
White - Irish,4,1,0,0,0,0,0,1,0,1,0,0,0,1
,*%,1%,0%,0%,0%,0%,0%,1%,0%,1%,0%,0%,0%,4%
"Columns Tested: A,B,C,D,E,F,G,H,I,J,K,L,M",,,,,,,,,,,,,,
08/11/11                                                                                                                             Page 164,,,,,,,,,,,,,,
York Consulting – Information to aid learner decisions – November 2010,,,,,,,,,,,,,,
 ,,,,,,,,,,,,,,
What is your ethnicity? -,,,,,,,,,,,,,,
Base: All respondents,,,,,,,,,,,,,,
,,Learning provider ,,,,,,,,,,,,
,Total,State 6th form,State school,Grammar,City academy,Private school,6th form college,FE college,HEI,Workplace,Training centre,Learndirect,Community centre,Other
Sig. Level: 95%,,a,b,c,*d,*e,f,g,*h,i,*j,*k,*l,*m
Sig. Level: 99%,,A,B,C,*D,*E,F,G,*H,I,*J,*K,*L,*M
Total,1052,150,285,68,19,2,157,197,10,95,26,6,8,26
,100%,100%,100%,100%,100%,100%,100%,100%,100%,100%,100%,100%,100%,100%
White - any other White background,33,3,10,1,0,0,6,9,0,2,1,1,0,0
,3%,2%,4%,1%,0%,0%,4%,5%,0%,2%,4%,17%,0%,0%
Other (please specify),21,3,3,0,0,0,4,5,0,3,0,1,0,1
,2%,2%,1%,0%,0%,0%,3%,3%,0%,3%,0%,17%,0%,4%
Prefer not to say,15,5,3,1,0,0,2,3,0,1,0,0,0,0
,1%,3%,1%,1%,0%,0%,1%,2%,0%,1%,0%,0%,0%,0%
"Columns Tested: A,B,C,D,E,F,G,H,I,J,K,L,M",,,,,,,,,,,,
08/11/11                                                                                                                             Page 165,,,,,,,,,,,,
York Consulting – Information to aid learner decisions – November 2010,,,,,,,,,,,,
 ,,,,,,,,,,,,
What is your home region? -,,,,,,,,,,,,
Base: All respondents,,,,,,,,,,,,
,,Sample groups ,,,,,Gender ,,Age ,,,
,Total,Under 16s,Not white British,Those with a disability,Social grade C2DE,Baseline,Male,Female,Under 16,16 – 18,19 – 25,Over 25
Sig. Level: 95%,,a,b,c,d,e,f,g,h,i,j,k
Sig. Level: 99%,,A,B,C,D,E,F,G,H,I,J,K
Total,1052,246,253,219,367,296,294,758,246,504,99,203
,100%,100%,100%,100%,100%,100%,100%,100%,100%,100%,100%,100%
East Midlands,97,27,18,22,35,26,31,66,27,35,9,26
,9%,11%,7%,10%,10%,9%,11%,9%,11%,7%,9%,13%
,,,,,,,,,,,,i
London,146,25,89,30,49,30,29,117,25,83,15,23
,14%,10%,35%,14%,13%,10%,10%,15%,10%,16%,15%,11%
,,,ACDE,,,,,f,,h,,
North East,56,11,6,11,18,24,18,38,11,28,1,16
,5%,4%,2%,5%,5%,8%,6%,5%,4%,6%,1%,8%
,,,,,,B,,,,,,j
North West,138,26,33,31,48,42,49,89,26,71,15,26
,13%,11%,13%,14%,13%,14%,17%,12%,11%,14%,15%,13%
,,,,,,,g,,,,,
Scotland,1,1,0,0,1,0,0,1,1,0,0,0
,*%,*%,0%,0%,*%,0%,0%,*%,*%,0%,0%,0%
Eastern,91,16,11,15,35,32,26,65,16,55,5,15
,9%,7%,4%,7%,10%,11%,9%,9%,7%,11%,5%,7%
,,,,,b,B,,,,,,
South East,174,57,28,39,50,48,50,124,57,78,16,23
,17%,23%,11%,18%,14%,16%,17%,16%,23%,15%,16%,11%
,,BDe,,b,,,,,iK,,,
South West,127,34,21,23,45,36,38,89,34,57,11,25
,12%,14%,8%,11%,12%,12%,13%,12%,14%,11%,11%,12%
,,b,,,,,,,,,,
Wales,1,0,0,0,1,0,1,0,0,1,0,0
,*%,0%,0%,0%,*%,0%,*%,0%,0%,*%,0%,0%
West Midlands,110,21,30,28,40,28,26,84,21,45,14,30
,10%,9%,12%,13%,11%,9%,9%,11%,9%,9%,14%,15%
,,,,,,,,,,,,hi
Yorkshire and The Humber,111,28,17,20,45,30,26,85,28,51,13,19
,11%,11%,7%,9%,12%,10%,9%,11%,11%,10%,13%,9%
,,,,,b,,,,,,,
"Columns Tested: A,B,C,D,E - F,G - H,I,J,K",,,,,,,,,,,,
08/11/11                                                                                                                             Page 166,,,,,,,,,,,,
York Consulting – Information to aid learner decisions – November 2010,,,,,,,,,,,,
 ,,,,,,,,,,,,
What is your home region? -,,,,,,,,,,,,
Base: All respondents,,,,,,,,,,,,
,,Parental social grade ,,Ethnicity ,,,,,,Region ,,
,Total,ABC1,C2DE,Asian or Asian British,Black or Black British,Chinese,Mixed,White,Other,North,Midlands,South
Sig. Level: 95%,,a,b,c,d,*e,f,g,*h,i,j,k
Sig. Level: 99%,,A,B,C,D,*E,F,G,*H,I,J,K
Total,1052,614,367,85,50,10,35,836,21,306,299,447
,100%,100%,100%,100%,100%,100%,100%,100%,100%,100%,100%,100%
East Midlands,97,58,35,11,2,1,3,80,0,0,97,0
,9%,9%,10%,13%,4%,10%,9%,10%,0%,0%,32%,0%
,,,,,,,,,,,IK,
London,146,83,49,22,32,3,7,67,8,0,0,146
,14%,14%,13%,26%,64%,30%,20%,8%,38%,0%,0%,33%
,,,,G,CFG,,g,,,,,IJ
North East,56,34,18,3,1,0,0,52,0,56,0,0
,5%,6%,5%,4%,2%,0%,0%,6%,0%,18%,0%,0%
,,,,,,,,,,JK,,
North West,138,81,48,16,1,3,6,110,1,138,0,0
,13%,13%,13%,19%,2%,30%,17%,13%,5%,45%,0%,0%
,,,,D,,,d,d,,JK,,
Scotland,1,0,1,0,0,0,0,1,0,1,0,0
,*%,0%,*%,0%,0%,0%,0%,*%,0%,*%,0%,0%
Eastern,91,54,35,5,1,0,3,82,0,0,91,0
,9%,9%,10%,6%,2%,0%,9%,10%,0%,0%,30%,0%
,,,,,,,,,,,IK,
South East,174,108,50,8,5,1,5,150,3,0,0,174
,17%,18%,14%,9%,10%,10%,14%,18%,14%,0%,0%,39%
,,,,,,,,c,,,,IJ
South West,127,73,45,2,3,0,5,109,4,0,0,127
,12%,12%,12%,2%,6%,0%,14%,13%,19%,0%,0%,28%
,,,,,,,c,C,,,,IJ
Wales,1,0,1,0,0,0,0,1,0,0,1,0
,*%,0%,*%,0%,0%,0%,0%,*%,0%,0%,*%,0%
West Midlands,110,63,40,13,4,0,5,84,3,0,110,0
,10%,10%,11%,15%,8%,0%,14%,10%,14%,0%,37%,0%
,,,,,,,,,,,IK,
Yorkshire and The Humber,111,60,45,5,1,2,1,100,2,111,0,0
,11%,10%,12%,6%,2%,20%,3%,12%,10%,36%,0%,0%
,,,,,,,,d,,JK,,
"Columns Tested: A,B - C,D,E,F,G,H - I,J,K",,,,,,,,,,,,
08/11/11                                                                                                                             Page 167,,,,,,,,,,,,
York Consulting – Information to aid learner decisions – November 2010,,,,,,,,,,,,
 ,,,,,,,,,,,,
What is your home region? -,,,,,,,,,,,,
Base: All respondents,,,,,,,,,,,,
,,Disability ,,,,,,,,,,
,Total,Yes,No,,,,,,,,,
Sig. Level: 95%,,a,b,,,,,,,,,
Sig. Level: 99%,,A,B,,,,,,,,,
Total,1052,219,800
,100%,100%,100%
East Midlands,97,22,73
,9%,10%,9%
London,146,30,108
,14%,14%,14%
North East,56,11,44
,5%,5%,6%
North West,138,31,97
,13%,14%,12%
Scotland,1,0,0
,*%,0%,0%
Eastern,91,15,73
,9%,7%,9%
South East,174,39,133
,17%,18%,17%
South West,127,23,101,,,,,,,,,,,
,12%,11%,13%,,,,,,,,,,,
Wales,1,0,1,,,,,,,,,,,
,*%,0%,*%,,,,,,,,,,,
West Midlands,110,28,81,,,,,,,,,,,
,10%,13%,10%,,,,,,,,,,,
Yorkshire and The Humber,111,20,89,,,,,,,,,,,
,11%,9%,11%,,,,,,,,,,,
"Columns Tested: A,B",,,,,,,,,,,,,,
08/11/11                                                                                                                             Page 168,,,,,,,,,,,,,,
York Consulting – Information to aid learner decisions – November 2010,,,,,,,,,,,,,,
 ,,,,,,,,,,,,,,
What is your home region? -,,,,,,,,,,,,,,
Base: All respondents,,,,,,,,,,,,,,
,,Learning provider ,,,,,,,,,,,,
,Total,State 6th form,State school,Grammar,City academy,Private school,6th form college,FE college,HEI,Workplace,Training centre,Learndirect,Community centre,Other
Sig. Level: 95%,,a,b,c,*d,*e,f,g,*h,i,*j,*k,*l,*m
Sig. Level: 99%,,A,B,C,*D,*E,F,G,*H,I,*J,*K,*L,*M
Total,1052,150,285,68,19,2,157,197,10,95,26,6,8,26
,100%,100%,100%,100%,100%,100%,100%,100%,100%,100%,100%,100%,100%,100%
East Midlands,97,12,31,7,1,0,9,21,1,9,3,1,1,1
,9%,8%,11%,10%,5%,0%,6%,11%,10%,9%,12%,17%,13%,4%
London,146,31,32,10,3,0,27,20,1,9,3,2,2,5
,14%,21%,11%,15%,16%,0%,17%,10%,10%,9%,12%,33%,25%,19%
,,BGi,,,,,,,,,,,,
North East,56,6,14,0,0,0,14,11,0,6,1,0,3,1
,5%,4%,5%,0%,0%,0%,9%,6%,0%,6%,4%,0%,38%,4%
,,,,,,,c,c,,c,,,,
North West,138,13,28,4,2,1,40,25,1,16,6,0,0,2
,13%,9%,10%,6%,11%,50%,25%,13%,10%,17%,23%,0%,0%,8%
,,,,,,,ABCG,,,c,,,,
Scotland,1,0,0,0,0,0,0,0,0,0,0,0,0,1
,*%,0%,0%,0%,0%,0%,0%,0%,0%,0%,0%,0%,0%,4%
Eastern,91,17,26,6,3,0,11,17,3,4,0,1,0,3
,9%,11%,9%,9%,16%,0%,7%,9%,30%,4%,0%,17%,0%,12%
South East,174,21,60,27,0,1,15,26,2,15,4,0,0,3
,17%,14%,21%,40%,0%,50%,10%,13%,20%,16%,15%,0%,0%,12%
,,,Fg,ABFGI,,,,,,,,,,
South West,127,19,36,6,4,0,16,30,0,11,2,0,1,2
,12%,13%,13%,9%,21%,0%,10%,15%,0%,12%,8%,0%,13%,8%
Wales,1,0,0,0,0,0,0,1,0,0,0,0,0,0
,*%,0%,0%,0%,0%,0%,0%,1%,0%,0%,0%,0%,0%,0%
West Midlands,110,15,24,4,3,0,14,22,0,15,4,2,1,4
,10%,10%,8%,6%,16%,0%,9%,11%,0%,16%,15%,33%,13%,15%
,,,,,,,,,,b,,,,
Yorkshire and The Humber,111,16,34,4,3,0,11,24,2,10,3,0,0,4
,11%,11%,12%,6%,16%,0%,7%,12%,20%,11%,12%,0%,0%,15%
"Columns Tested: A,B,C,D,E,F,G,H,I,J,K,L,M",,,,,,,,,,,,,,
08/11/11                                                                                                                             Page 169,,,,,,,,,,,,
York Consulting – Information to aid learner decisions – November 2010,,,,,,,,,,,,
 ,,,,,,,,,,,,
"Do you consider yourself to have a disability, if so please select from the list below?**if you do not have a disability then please select",,,,,,,,,,,,
none of these -,,,,,,,,,,,,
Base: All respondents,,,,,,,,,,,,
,,Sample groups ,,,,,Gender ,,Age ,,,
,Total,Under 16s,Not white British,Those with a disability,Social grade C2DE,Baseline,Male,Female,Under 16,16 – 18,19 – 25,Over 25
Sig. Level: 95%,,a,b,c,d,e,f,g,h,i,j,k
Sig. Level: 99%,,A,B,C,D,E,F,G,H,I,J,K
Total,1052,246,253,219,367,296,294,758,246,504,99,203
,100%,100%,100%,100%,100%,100%,100%,100%,100%,100%,100%,100%
Learning difficulties,38,8,3,38,16,0,13,25,8,16,4,10
,4%,3%,1%,17%,4%,0%,4%,3%,3%,3%,4%,5%
,,E,,ABDE,bE,,,,,,,
Visual impairment,38,10,8,38,10,0,13,25,10,20,3,5
,4%,4%,3%,17%,3%,0%,4%,3%,4%,4%,3%,2%
,,E,E,ABDE,E,,,,,,,
Hearing impairment,15,3,0,15,4,0,7,8,3,5,2,5
,1%,1%,0%,7%,1%,0%,2%,1%,1%,1%,2%,2%
,,,,ABDE,,,,,,,,
Disability affecting mobility,17,1,7,17,9,0,4,13,1,1,3,12
,2%,*%,3%,8%,2%,0%,1%,2%,*%,*%,3%,6%
,,,aE,AbDE,E,,,,,,hI,HI
Other physical disability,10,1,1,10,3,0,4,6,1,2,2,5
,1%,*%,*%,5%,1%,0%,1%,1%,*%,*%,2%,2%
,,,,ABDE,,,,,,,,i
"Other medical condition (for example epilepsy, asthma, diabetes)",87,20,17,87,27,0,25,62,20,34,6,27
,8%,8%,7%,40%,7%,0%,9%,8%,8%,7%,6%,13%
,,E,E,ABDE,E,,,,,,,I
Emotional/behavioural difficulties,23,8,4,23,9,0,6,17,8,10,3,2
,2%,3%,2%,11%,2%,0%,2%,2%,3%,2%,3%,1%
,,E,e,ABDE,E,,,,,,,
Mental ill health,29,3,7,29,14,0,7,22,3,9,6,11
,3%,1%,3%,13%,4%,0%,2%,3%,1%,2%,6%,5%
,,,E,ABDE,E,,,,,,hi,hI
Temporary disability after illness (for example post-viral) or accident,2,0,0,2,1,0,1,1,0,1,0,1
,*%,0%,0%,1%,*%,0%,*%,*%,0%,*%,0%,*%
Profound complex disabilities,1,0,0,1,1,0,1,0,0,0,1,0
,*%,0%,0%,*%,*%,0%,*%,0%,0%,0%,1%,0%
,,,,,,,,,,,i,
"Other, please specify",33,10,8,33,13,0,6,27,10,10,4,9
,3%,4%,3%,15%,4%,0%,2%,4%,4%,2%,4%,4%
,,E,E,ABDE,E,,,,,,,
Don’t know,2,0,0,0,0,2,1,1,0,1,0,1
,*%,0%,0%,0%,0%,1%,*%,*%,0%,*%,0%,*%
Prefer not to say,31,7,14,0,8,8,7,24,7,17,3,4
,3%,3%,6%,0%,2%,3%,2%,3%,3%,3%,3%,2%
,,c,Cd,,c,c,,,,,,
None of these,800,187,189,0,283,286,222,578,187,399,77,137
,76%,76%,75%,0%,77%,97%,76%,76%,76%,79%,78%,67%
,,C,C,,C,ABCD,,,k,K,,
"Columns Tested: A,B,C,D,E - F,G - H,I,J,K",,,,,,,,,,,,
08/11/11                                                                                                                             Page 170,,,,,,,,,,,,
York Consulting – Information to aid learner decisions – November 2010,,,,,,,,,,,,
 ,,,,,,,,,,,,
"Do you consider yourself to have a disability, if so please select from the list below?**if you do not have a disability then please select",,,,,,,,,,,,
none of these -,,,,,,,,,,,,
Base: All respondents,,,,,,,,,,,,
,,Parental social grade ,,Ethnicity ,,,,,,Region ,,
,Total,ABC1,C2DE,Asian or Asian British,Black or Black British,Chinese,Mixed,White,Other,North,Midlands,South
Sig. Level: 95%,,a,b,c,d,*e,f,g,*h,i,j,k
Sig. Level: 99%,,A,B,C,D,*E,F,G,*H,I,J,K
Total,1052,614,367,85,50,10,35,836,21,306,299,447
,100%,100%,100%,100%,100%,100%,100%,100%,100%,100%,100%,100%
Learning difficulties,38,19,16,1,0,0,1,36,0,10,12,16
,4%,3%,4%,1%,0%,0%,3%,4%,0%,3%,4%,4%
Visual impairment,38,25,10,2,2,0,1,32,1,10,12,16
,4%,4%,3%,2%,4%,0%,3%,4%,5%,3%,4%,4%
Hearing impairment,15,8,4,0,0,0,0,15,0,2,5,8
,1%,1%,1%,0%,0%,0%,0%,2%,0%,1%,2%,2%
Disability affecting mobility,17,6,9,3,1,0,0,11,2,2,7,8
,2%,1%,2%,4%,2%,0%,0%,1%,10%,1%,2%,2%
Other physical disability,10,3,3,0,1,0,0,9,0,2,4,4
,1%,*%,1%,0%,2%,0%,0%,1%,0%,1%,1%,1%
"Other medical condition (for example epilepsy, asthma, diabetes)",87,54,27,8,4,0,0,73,2,29,20,38
,8%,9%,7%,9%,8%,0%,0%,9%,10%,9%,7%,9%
Emotional/behavioural difficulties,23,12,9,2,0,0,0,21,0,6,12,5
,2%,2%,2%,2%,0%,0%,0%,3%,0%,2%,4%,1%
,,,,,,,,,,,K,
Mental ill health,29,13,14,2,1,0,0,26,0,7,14,8
,3%,2%,4%,2%,2%,0%,0%,3%,0%,2%,5%,2%
,,,,,,,,,,,k,
Temporary disability after illness (for example post-viral) or accident,2,1,1,0,0,0,0,2,0,1,1,0
,*%,*%,*%,0%,0%,0%,0%,*%,0%,*%,*%,0%
Profound complex disabilities,1,0,1,0,0,0,0,1,0,0,0,1
,*%,0%,*%,0%,0%,0%,0%,*%,0%,0%,0%,*%
"Other, please specify",33,18,13,1,3,0,1,27,0,11,10,12
,3%,3%,4%,1%,6%,0%,3%,3%,0%,4%,3%,3%
Don’t know,2,2,0,0,0,0,0,2,0,2,0,0
,*%,*%,0%,0%,0%,0%,0%,*%,0%,1%,0%,0%
Prefer not to say,31,16,8,2,2,0,2,17,3,12,6,13
,3%,3%,2%,2%,4%,0%,6%,2%,14%,4%,2%,3%
None of these,800,471,283,64,38,10,30,635,14,230,228,342
,76%,77%,77%,75%,76%,100%,86%,76%,67%,75%,76%,77%
"Columns Tested: A,B - C,D,E,F,G,H - I,J,K",,,,,,,,,,,,
08/11/11                                                                                                                             Page 171,,,
York Consulting – Information to aid learner decisions – November 2010,,,
 ,,,
"Do you consider yourself to have a disability, if so please select from the list below?**if you do not have a disability then please select",,,
none of these -,,,
Base: All respondents,,,
,,Disability ,
,Total,Yes,No
Sig. Level: 95%,,a,b
Sig. Level: 99%,,A,B
Total,1052,219,800
,100%,100%,100%
Learning difficulties,38,38,0
,4%,17%,0%
,,B,
Visual impairment,38,38,0
,4%,17%,0%
,,B,
Hearing impairment,15,15,0
,1%,7%,0%
,,B,
Disability affecting mobility,17,17,0
,2%,8%,0%
,,B,
Other physical disability,10,10,0
,1%,5%,0%
,,B,
"Other medical condition (for example epilepsy, asthma, diabetes)",87,87,0
,8%,40%,0%
,,B,
Emotional/behavioural difficulties,23,23,0
,2%,11%,0%
,,B,
Mental ill health,29,29,0
,3%,13%,0%
,,B,
Temporary disability after illness (for example post-viral) or accident,2,2,0
,*%,1%,0%
,,B,
Profound complex disabilities,1,1,0
,*%,*%,0%
"Other, please specify",33,33,0
,3%,15%,0%
,,B,
Don’t know,2,0,0
,*%,0%,0%
Prefer not to say,31,0,0
,3%,0%,0%
None of these,800,0,800,,,,,,,,,,,
,76%,0%,100%,,,,,,,,,,,
,,,A,,,,,,,,,,,
"Columns Tested: A,B",,,,,,,,,,,,,,
08/11/11                                                                                                                             Page 172,,,,,,,,,,,,,,
York Consulting – Information to aid learner decisions – November 2010,,,,,,,,,,,,,,
 ,,,,,,,,,,,,,,
"Do you consider yourself to have a disability, if so please select from the list below?**if you do not have a disability then please select",,,,,,,,,,,,,,
none of these -,,,,,,,,,,,,,,
Base: All respondents,,,,,,,,,,,,,,
,,Learning provider ,,,,,,,,,,,,
,Total,State 6th form,State school,Grammar,City academy,Private school,6th form college,FE college,HEI,Workplace,Training centre,Learndirect,Community centre,Other
Sig. Level: 95%,,a,b,c,*d,*e,f,g,*h,i,*j,*k,*l,*m
Sig. Level: 99%,,A,B,C,*D,*E,F,G,*H,I,*J,*K,*L,*M
Total,1052,150,285,68,19,2,157,197,10,95,26,6,8,26
,100%,100%,100%,100%,100%,100%,100%,100%,100%,100%,100%,100%,100%,100%
Learning difficulties,38,3,8,2,0,0,8,13,0,2,0,0,1,1
,4%,2%,3%,3%,0%,0%,5%,7%,0%,2%,0%,0%,13%,4%
,,,,,,,,ab,,,,,,
Visual impairment,38,10,14,0,2,0,3,4,1,3,1,0,0,0
,4%,7%,5%,0%,11%,0%,2%,2%,10%,3%,4%,0%,0%,0%
,,cfg,,,,,,,,,,,,
Hearing impairment,15,1,3,2,0,0,2,5,0,1,0,0,0,1
,1%,1%,1%,3%,0%,0%,1%,3%,0%,1%,0%,0%,0%,4%
Disability affecting mobility,17,1,0,1,1,0,3,4,0,2,1,1,1,2
,2%,1%,0%,1%,5%,0%,2%,2%,0%,2%,4%,17%,13%,8%
,,,,b,,,b,b,,b,,,,
Other physical disability,10,0,1,0,0,0,2,4,0,0,0,0,1,2
,1%,0%,*%,0%,0%,0%,1%,2%,0%,0%,0%,0%,13%,8%
"Other medical condition (for example epilepsy, asthma, diabetes)",87,11,15,7,2,1,12,20,1,10,3,1,2,2
,8%,7%,5%,10%,11%,50%,8%,10%,10%,11%,12%,17%,25%,8%
,,,,,,,,b,,,,,,
Emotional/behavioural difficulties,23,2,7,2,0,1,3,7,0,0,0,0,0,1
,2%,1%,2%,3%,0%,50%,2%,4%,0%,0%,0%,0%,0%,4%
Mental ill health,29,5,3,2,0,0,4,9,0,1,2,1,2,0
,3%,3%,1%,3%,0%,0%,3%,5%,0%,1%,8%,17%,25%,0%
,,,,,,,,b,,,,,,
Temporary disability after illness (for example post-viral) or accident,2,0,1,0,0,0,0,0,0,0,0,0,1,0
,*%,0%,*%,0%,0%,0%,0%,0%,0%,0%,0%,0%,13%,0%
Profound complex disabilities,1,0,0,0,0,0,1,0,0,0,0,0,0,0
,*%,0%,0%,0%,0%,0%,1%,0%,0%,0%,0%,0%,0%,0%
"Other, please specify",33,1,12,1,0,0,5,10,0,3,0,0,0,1
,3%,1%,4%,1%,0%,0%,3%,5%,0%,3%,0%,0%,0%,4%
,,,a,,,,,a,,,,,,
Don’t know,2,0,0,0,0,0,1,1,0,0,0,0,0,0
,*%,0%,0%,0%,0%,0%,1%,1%,0%,0%,0%,0%,0%,0%
Prefer not to say,31,5,9,2,0,1,7,3,0,2,0,0,0,1
,3%,3%,3%,3%,0%,50%,4%,2%,0%,2%,0%,0%,0%,4%
None of these,800,118,222,52,14,0,118,148,9,73,21,3,4,16
,76%,79%,78%,76%,74%,0%,75%,75%,90%,77%,81%,50%,50%,62%
"Columns Tested: A,B,C,D,E,F,G,H,I,J,K,L,M",,,,,,,,,,,,,,
08/11/11                                                                                                                             Page 173,,,,,,,,,,,,,,
York Consulting – Information to aid learner decisions – November 2010,,,,,,,,,,,,,,
 ,,,,,,,,,,,,,,
Learning provider -,,,,,,,,,,,,,,
Base: All respondents,,,,,,,,,,,,,,
,,Sample groups ,,,,,Gender ,,Age ,,,,,
,Total,Under 16s,Not white British,Those with a disability,Social grade C2DE,Baseline,Male,Female,Under 16,16 – 18,19 – 25,Over 25,,
Sig. Level: 95%,,a,b,c,d,e,f,g,h,i,j,k,,
Sig. Level: 99%,,A,B,C,D,E,F,G,H,I,J,K,,
Total,1052,246,253,219,367,296,294,758,246,504,99,203,,
,100%,100%,100%,100%,100%,100%,100%,100%,100%,100%,100%,100%,,
State school 6th form (comprehensive/secondary),150,17,39,27,47,55,45,105,17,124,7,2,,
,14%,7%,15%,12%,13%,19%,15%,14%,7%,25%,7%,1%,,
,,,A,a,a,Ad,,,K,HJK,K,
State school NOT 6th form (comprehensive/secondary),285,174,56,54,81,48,71,214,174,106,4,1
,27%,71%,22%,25%,22%,16%,24%,28%,71%,21%,4%,*%
,,BCDE,,e,,,,,IJK,JK,k,
Grammar school,68,35,17,14,14,16,17,51,35,33,0,0
,6%,14%,7%,6%,4%,5%,6%,7%,14%,7%,0%,0%
,,BCDE,,,,,,,IJK,JK,,
City academy,19,12,3,5,9,0,4,15,12,6,0,1
,2%,5%,1%,2%,2%,0%,1%,2%,5%,1%,0%,*%
,,bE,,E,E,,,,IjK,,,
Private/independent school,2,1,0,1,1,1,0,2,1,1,0,0
,*%,*%,0%,*%,*%,*%,0%,*%,*%,*%,0%,0%
6th form college,157,1,48,31,51,57,49,108,1,134,18,4
,15%,*%,19%,14%,14%,19%,17%,14%,*%,27%,18%,2%
,,,A,A,A,A,,,,HK,HK,
Further Education (FE) college - either the main college or a local centre,197,1,52,45,89,58,54,143,1,75,49,72
,19%,*%,21%,21%,24%,20%,18%,19%,*%,15%,49%,35%
,,,A,A,A,A,,,,H,HIk,HI
University or Higher Education Institution,10,0,3,1,5,2,4,6,0,7,2,1
,1%,0%,1%,*%,1%,1%,1%,1%,0%,1%,2%,*%
,,,,,,,,,,,h,
In the workplace,95,0,18,20,40,36,29,66,0,8,11,76
,9%,0%,7%,9%,11%,12%,10%,9%,0%,2%,11%,37%
,,,A,A,A,Ab,,,,h,HI,HIJ
Training centre,26,0,7,5,8,12,9,17,0,4,6,16
,2%,0%,3%,2%,2%,4%,3%,2%,0%,1%,6%,8%
,,,A,a,a,A,,,,,HI,HI
Learndirect centre,6,0,3,3,4,1,2,4,0,0,0,6
,1%,0%,1%,1%,1%,*%,1%,1%,0%,0%,0%,3%
,,,,,,,,,,,,HI
Community centre or library,8,0,1,4,5,2,2,6,0,1,0,7
,1%,0%,*%,2%,1%,1%,1%,1%,0%,*%,0%,3%
,,,,a,,,,,,,,HI
Other,26,5,5,9,11,7,8,18,5,4,1,16
,2%,2%,2%,4%,3%,2%,3%,2%,2%,1%,1%,8%
,,,,,,,,,,,,HIj
"Columns Tested: A,B,C,D,E - F,G - H,I,J,K",,,,,,,,,,,,
08/11/11                                                                                                                             Page 174,,,,,,,,,,,,
York Consulting – Information to aid learner decisions – November 2010,,,,,,,,,,,,
 ,,,,,,,,,,,,
Learning provider -,,,,,,,,,,,,
Base: All respondents,,,,,,,,,,,,
,,Parental social grade ,,Ethnicity ,,,,,,Region ,,
,Total,ABC1,C2DE,Asian or Asian British,Black or Black British,Chinese,Mixed,White,Other,North,Midlands,South
Sig. Level: 95%,,a,b,c,d,*e,f,g,*h,i,j,k
Sig. Level: 99%,,A,B,C,D,*E,F,G,*H,I,J,K
Total,1052,614,367,85,50,10,35,836,21,306,299,447
,100%,100%,100%,100%,100%,100%,100%,100%,100%,100%,100%,100%
State school 6th form (comprehensive/secondary),150,93,47,15,3,4,5,115,3,35,44,71
,14%,15%,13%,18%,6%,40%,14%,14%,14%,11%,15%,16%
State school NOT 6th form (comprehensive/secondary),285,191,81,16,10,3,11,239,3,76,81,128
,27%,31%,22%,19%,20%,30%,31%,29%,14%,25%,27%,29%
,,B,,,,,,,,,,
Grammar school,68,49,14,8,3,0,4,52,0,8,17,43
,6%,8%,4%,9%,6%,0%,11%,6%,0%,3%,6%,10%
,,b,,,,,,,,,,I
City academy,19,7,9,1,2,0,0,16,0,5,7,7
,2%,1%,2%,1%,4%,0%,0%,2%,0%,2%,2%,2%
Private/independent school,2,0,1,0,0,0,0,2,0,1,0,1
,*%,0%,*%,0%,0%,0%,0%,*%,0%,*%,0%,*%
6th form college,157,98,51,14,13,2,7,115,4,65,34,58
,15%,16%,14%,16%,26%,20%,20%,14%,19%,21%,11%,13%
,,,,,g,,,,,JK,,
Further Education (FE) college - either the main college or a local centre,197,90,89,15,12,1,6,155,5,60,61,76
,19%,15%,24%,18%,24%,10%,17%,19%,24%,20%,20%,17%
,,,A,,,,,,,,,
University or Higher Education Institution,10,5,5,3,0,0,0,7,0,3,4,3
,1%,1%,1%,4%,0%,0%,0%,1%,0%,1%,1%,1%
,,,,g,,,,,,,,
In the workplace,95,51,40,7,4,0,0,80,3,32,28,35
,9%,8%,11%,8%,8%,0%,0%,10%,14%,10%,9%,8%
Training centre,26,14,8,3,1,0,2,20,0,10,7,9
,2%,2%,2%,4%,2%,0%,6%,2%,0%,3%,2%,2%
Learndirect centre,6,2,4,1,0,0,0,4,1,0,4,2
,1%,*%,1%,1%,0%,0%,0%,*%,5%,0%,1%,*%
,,,,,,,,,,,i,
Community centre or library,8,3,5,0,1,0,0,7,0,3,2,3
,1%,*%,1%,0%,2%,0%,0%,1%,0%,1%,1%,1%
Other,26,10,11,2,1,0,0,22,1,8,8,10
,2%,2%,3%,2%,2%,0%,0%,3%,5%,3%,3%,2%
"Columns Tested: A,B - C,D,E,F,G,H - I,J,K",,,
08/11/11                                                                                                                             Page 175,,,
York Consulting – Information to aid learner decisions – November 2010,,,
 ,,,
Learning provider -,,,
Base: All respondents,,,
,,Disability ,
,Total,Yes,No
Sig. Level: 95%,,a,b
Sig. Level: 99%,,A,B
Total,1052,219,800
,100%,100%,100%
State school 6th form (comprehensive/secondary),150,27,118
,14%,12%,15%
State school NOT 6th form (comprehensive/secondary),285,54,222
,27%,25%,28%
Grammar school,68,14,52
,6%,6%,7%
City academy,19,5,14
,2%,2%,2%
Private/independent school,2,1,0
,*%,*%,0%
6th form college,157,31,118
,15%,14%,15%
Further Education (FE) college - either the main college or a local centre,197,45,148
,19%,21%,19%
University or Higher Education Institution,10,1,9
,1%,*%,1%
In the workplace,95,20,73
,9%,9%,9%
Training centre,26,5,21
,2%,2%,3%
Learndirect centre,6,3,3,,,,,,,,,,,
,1%,1%,*%,,,,,,,,,,,
Community centre or library,8,4,4,,,,,,,,,,,
,1%,2%,1%,,,,,,,,,,,
,,b,,,,,,,,,,,,
Other,26,9,16,,,,,,,,,,,
,2%,4%,2%,,,,,,,,,,,
"Columns Tested: A,B",,,,,,,,,,,,,,
08/11/11                                                                                                                             Page 176,,,,,,,,,,,,,,
York Consulting – Information to aid learner decisions – November 2010,,,,,,,,,,,,,,
 ,,,,,,,,,,,,,,
Learning provider -,,,,,,,,,,,,,,
Base: All respondents,,,,,,,,,,,,,,
,,Learning provider ,,,,,,,,,,,,
,Total,State 6th form,State school,Grammar,City academy,Private school,6th form college,FE college,HEI,Workplace,Training centre,Learndirect,Community centre,Other
Sig. Level: 95%,,a,b,c,*d,*e,f,g,*h,i,*j,*k,*l,*m
Sig. Level: 99%,,A,B,C,*D,*E,F,G,*H,I,*J,*K,*L,*M
Total,1052,150,285,68,19,2,157,197,10,95,26,6,8,26
,100%,100%,100%,100%,100%,100%,100%,100%,100%,100%,100%,100%,100%,100%
State school 6th form (comprehensive/secondary),150,150,0,0,0,0,0,0,0,0,0,0,0,0
,14%,100%,0%,0%,0%,0%,0%,0%,0%,0%,0%,0%,0%,0%
,,BCFGI,,,,,,,,,,,,
State school NOT 6th form (comprehensive/secondary),285,0,285,0,0,0,0,0,0,0,0,0,0,0
,27%,0%,100%,0%,0%,0%,0%,0%,0%,0%,0%,0%,0%,0%
,,,ACFGI,,,,,,,,,,,
Grammar school,68,0,0,68,0,0,0,0,0,0,0,0,0,0
,6%,0%,0%,100%,0%,0%,0%,0%,0%,0%,0%,0%,0%,0%
,,,,ABFGI,,,,,,,,,,
City academy,19,0,0,0,19,0,0,0,0,0,0,0,0,0
,2%,0%,0%,0%,100%,0%,0%,0%,0%,0%,0%,0%,0%,0%
Private/independent school,2,0,0,0,0,2,0,0,0,0,0,0,0,0
,*%,0%,0%,0%,0%,100%,0%,0%,0%,0%,0%,0%,0%,0%
6th form college,157,0,0,0,0,0,157,0,0,0,0,0,0,0
,15%,0%,0%,0%,0%,0%,100%,0%,0%,0%,0%,0%,0%,0%
,,,,,,,ABCGI,,,,,,,
Further Education (FE) college - either the main college or a local centre,197,0,0,0,0,0,0,197,0,0,0,0,0,0
,19%,0%,0%,0%,0%,0%,0%,100%,0%,0%,0%,0%,0%,0%
,,,,,,,,ABCFI,,,,,,
University or Higher Education Institution,10,0,0,0,0,0,0,0,10,0,0,0,0,0
,1%,0%,0%,0%,0%,0%,0%,0%,100%,0%,0%,0%,0%,0%
In the workplace,95,0,0,0,0,0,0,0,0,95,0,0,0,0
,9%,0%,0%,0%,0%,0%,0%,0%,0%,100%,0%,0%,0%,0%
,,,,,,,,,,ABCFG,,,,
Training centre,26,0,0,0,0,0,0,0,0,0,26,0,0,0
,2%,0%,0%,0%,0%,0%,0%,0%,0%,0%,100%,0%,0%,0%
Learndirect centre,6,0,0,0,0,0,0,0,0,0,0,6,0,0
,1%,0%,0%,0%,0%,0%,0%,0%,0%,0%,0%,100%,0%,0%
Community centre or library,8,0,0,0,0,0,0,0,0,0,0,0,8,0
,1%,0%,0%,0%,0%,0%,0%,0%,0%,0%,0%,0%,100%,0%
Other,26,0,0,0,0,0,0,0,0,0,0,0,0,26
,2%,0%,0%,0%,0%,0%,0%,0%,0%,0%,0%,0%,0%,100%
"Columns Tested: A,B,C,D,E,F,G,H,I,J,K,L,M",,,,,,,,,,,,,,
08/11/11                                                                                                                             Page 177,,,,,,,,,,,,,,
